Temparature,Humidity,Moisture,Soil Type,Crop Type,Nitrogen,Potassium,Phosphorous,Fertilizer Name
30.3,62.5,54.7,Loamy,Sugarcane,15.1,9.5,33.1,14-35-14
31.9,55.6,43.6,Sandy,Maize,21.8,1.1,20.5,28-28
30.7,51.7,50.5,Loamy,Wheat,15.3,3.2,37.4,DAP
32.7,62.6,34.8,Red,Tobacco,22.8,0.9,20.5,28-28
30.7,63.4,33.6,Loamy,Sugarcane,36.5,2.2,0.7,Urea
39.5,69.5,35.3,Clayey,Paddy,13.2,4.7,40.8,DAP
30.6,64.4,42.2,Clayey,Paddy,16.1,1.8,24.8,28-28
30.2,67.1,35.2,Red,Pulses,24.1,1.8,20.8,28-28
32.2,62.2,40.3,Red,Tobacco,22.3,2.1,25.0,28-28
30.6,58.6,34.7,Black,Millets,40.2,0.0,0.8,Urea
37.9,68.2,35.0,Black,Oil seeds,8.2,9.4,42.8,DAP
32.7,62.2,33.7,Clayey,Pulses,41.2,0.0,4.6,Urea
30.0,55.3,24.8,Red,Ground Nuts,16.6,18.4,13.3,17-17-17
37.4,64.6,32.1,Red,Pulses,23.7,4.5,21.6,28-28
26.4,53.8,33.1,Black,Millets,42.1,1.7,0.6,Urea
31.3,58.2,60.5,Red,Cotton,11.9,13.2,35.2,14-35-14
33.5,60.9,30.5,Red,Pulses,20.1,3.1,19.7,28-28
28.4,48.6,37.0,Sandy,Barley,16.9,12.2,12.5,17-17-17
32.9,55.6,44.5,Sandy,Maize,24.1,1.1,17.3,28-28
27.6,55.5,25.0,Sandy,Ground Nuts,13.6,4.8,43.6,DAP
35.0,64.8,50.1,Loamy,Wheat,41.8,4.9,0.0,Urea
28.8,53.3,55.7,Loamy,Wheat,11.9,3.1,35.3,DAP
32.8,50.1,41.5,Sandy,Maize,36.8,1.7,7.6,Urea
31.3,59.4,44.5,Black,Sugarcane,12.8,14.3,11.4,17-17-17
29.9,64.4,60.1,Loamy,Sugarcane,13.2,8.7,29.6,14-35-14
29.6,55.8,34.5,Sandy,Maize,21.7,3.6,24.0,28-28
31.9,63.6,33.6,Red,Pulses,20.2,1.6,21.0,28-28
31.6,55.2,43.3,Clayey,Paddy,45.1,0.8,4.1,Urea
39.1,67.4,33.2,Black,Oil seeds,12.5,6.7,36.7,DAP
32.1,60.6,36.9,Red,Tobacco,26.4,4.3,26.8,28-28
38.4,69.8,32.8,Black,Oil seeds,9.1,8.2,40.1,DAP
34.3,65.1,36.0,Red,Tobacco,31.8,0.9,19.6,28-28
30.2,57.1,60.2,Red,Cotton,13.1,2.2,10.4,20-20
31.8,60.4,27.9,Loamy,Sugarcane,39.5,0.6,0.7,Urea
28.6,54.3,29.8,Red,Ground Nuts,9.2,0.2,44.8,DAP
26.7,56.8,26.4,Red,Ground Nuts,17.4,14.5,13.3,17-17-17
33.9,63.8,29.8,Loamy,Sugarcane,14.0,1.2,39.2,DAP
34.2,67.6,62.7,Red,Cotton,8.3,12.2,34.2,14-35-14
29.9,58.9,32.6,Black,Millets,35.8,3.6,1.1,Urea
31.4,60.5,59.9,Loamy,Cotton,9.7,11.0,33.1,14-35-14
33.5,61.2,38.1,Clayey,Pulses,39.4,3.0,1.0,Urea
29.4,57.4,29.9,Black,Millets,37.4,0.1,2.9,Urea
36.1,67.8,55.1,Loamy,Sugarcane,12.0,13.7,12.7,17-17-17
32.8,63.0,65.5,Loamy,Cotton,11.1,12.2,31.3,14-35-14
31.7,56.1,51.3,Loamy,Wheat,11.1,2.2,44.5,DAP
30.2,56.1,27.1,Sandy,Ground Nuts,18.0,4.3,36.1,DAP
28.5,49.9,37.6,Sandy,Maize,22.3,4.0,23.5,28-28
33.1,65.6,64.5,Black,Cotton,11.8,11.3,32.9,14-35-14
29.4,66.0,31.5,Loamy,Sugarcane,15.2,1.7,39.4,DAP
27.6,59.5,36.4,Black,Millets,42.3,1.5,3.9,Urea
25.1,52.8,32.3,Sandy,Ground Nuts,17.6,2.5,37.5,DAP
38.9,69.9,37.7,Clayey,Paddy,15.7,4.0,36.9,DAP
36.0,64.3,34.7,Red,Pulses,23.9,3.4,21.8,28-28
39.0,69.8,37.2,Black,Oil seeds,9.2,10.5,43.1,DAP
26.5,55.4,36.6,Black,Millets,37.9,0.0,1.4,Urea
26.2,62.8,57.4,Loamy,Cotton,7.3,12.6,31.0,14-35-14
30.2,52.2,36.4,Sandy,Maize,24.0,2.2,21.9,28-28
29.2,60.8,59.8,Loamy,Cotton,12.2,11.7,29.9,14-35-14
30.0,56.2,48.5,Loamy,Wheat,16.4,3.8,38.2,DAP
27.6,58.7,40.9,Clayey,Paddy,38.9,3.7,1.6,Urea
32.9,63.6,46.2,Loamy,Wheat,35.5,4.1,5.3,Urea
35.4,65.2,38.6,Clayey,Pulses,39.9,3.5,2.6,Urea
26.9,52.7,30.5,Sandy,Barley,10.5,12.1,16.1,17-17-17
35.7,65.7,52.1,Loamy,Sugarcane,13.7,14.7,13.2,17-17-17
32.0,63.0,61.6,Red,Cotton,12.6,10.6,34.9,14-35-14
28.5,66.1,63.9,Loamy,Cotton,9.3,11.3,29.0,14-35-14
33.5,66.5,30.2,Clayey,Pulses,41.6,3.3,0.5,Urea
33.2,60.7,47.8,Clayey,Paddy,9.0,0.9,20.6,28-28
30.5,65.9,40.5,Clayey,Paddy,9.6,4.4,20.1,28-28
33.4,58.6,44.4,Sandy,Millets,14.6,4.2,18.7,28-28
27.8,55.9,55.3,Red,Cotton,11.3,1.3,10.6,20-20
36.3,61.5,33.4,Loamy,Sugarcane,36.3,3.1,3.5,Urea
31.7,61.7,32.6,Loamy,Sugarcane,40.9,0.7,2.0,Urea
24.7,52.1,55.7,Red,Cotton,9.9,4.7,7.5,20-20
28.2,49.5,27.0,Sandy,Ground Nuts,12.0,2.9,41.7,DAP
39.4,67.1,41.8,Clayey,Paddy,15.9,1.5,42.2,DAP
39.5,72.4,37.4,Black,Oil seeds,12.9,7.0,39.4,DAP
26.6,66.8,63.1,Loamy,Cotton,37.1,1.9,2.2,Urea
30.7,64.8,34.8,Red,Tobacco,23.7,1.4,26.6,28-28
30.9,54.3,33.2,Sandy,Maize,37.5,1.3,1.6,Urea
33.0,66.5,39.0,Red,Pulses,25.3,1.7,22.5,28-28
31.2,53.1,33.5,Clayey,Pulses,9.9,2.9,12.7,20-20
26.8,66.3,65.5,Loamy,Cotton,40.9,3.2,3.9,Urea
29.8,51.3,36.8,Sandy,Maize,24.5,2.2,19.7,28-28
35.5,71.1,31.7,Black,Oil seeds,11.2,8.9,44.1,DAP
24.8,52.8,31.4,Sandy,Ground Nuts,18.0,0.1,41.1,DAP
28.7,53.1,34.9,Black,Millets,34.1,4.8,6.0,Urea
36.9,69.2,43.9,Clayey,Paddy,14.1,2.8,41.1,DAP
39.4,66.1,31.5,Red,Tobacco,9.2,1.6,42.8,DAP
29.4,53.1,29.6,Clayey,Pulses,11.8,3.4,9.7,20-20
30.4,65.6,30.9,Loamy,Sugarcane,36.2,1.8,2.6,Urea
39.4,70.0,34.6,Clayey,Paddy,10.8,0.3,38.1,DAP
30.1,51.4,40.3,Sandy,Maize,41.9,3.6,4.2,Urea
33.1,61.1,47.5,Black,Sugarcane,11.9,14.0,11.9,17-17-17
33.6,65.9,36.9,Red,Tobacco,12.1,4.8,36.7,DAP
23.8,64.1,63.6,Loamy,Cotton,38.6,4.8,4.3,Urea
36.6,62.1,63.7,Black,Cotton,5.7,12.4,35.4,14-35-14
36.5,69.1,31.7,Black,Oil seeds,9.4,8.5,45.9,DAP
30.6,58.5,67.2,Black,Cotton,42.1,1.9,0.9,Urea
25.8,52.5,63.2,Red,Cotton,13.9,3.8,9.3,20-20
27.1,53.4,33.9,Black,Millets,40.0,1.0,2.2,Urea
28.8,55.6,37.4,Red,Ground Nuts,12.7,1.1,42.9,DAP
26.9,52.4,27.6,Sandy,Ground Nuts,16.3,3.3,44.0,DAP
24.6,56.7,44.1,Loamy,Wheat,28.9,3.9,19.7,28-28
29.1,64.4,57.6,Loamy,Cotton,10.5,9.5,35.9,14-35-14
37.4,63.6,31.7,Red,Pulses,25.8,0.9,22.1,28-28
31.6,59.7,57.4,Red,Cotton,6.9,14.1,30.9,14-35-14
29.8,67.5,38.5,Red,Pulses,28.9,5.1,24.0,28-28
27.7,60.1,68.9,Black,Cotton,41.3,0.1,4.4,Urea
33.9,63.3,28.6,Red,Tobacco,23.8,5.0,20.3,28-28
26.6,55.7,34.5,Sandy,Barley,14.6,12.6,19.1,17-17-17
33.2,60.1,68.0,Black,Cotton,36.2,0.0,2.0,Urea
27.5,52.8,47.4,Loamy,Wheat,14.2,3.3,38.2,DAP
28.5,56.1,29.4,Clayey,Pulses,16.2,2.9,9.8,20-20
25.2,62.2,64.9,Loamy,Cotton,44.8,3.0,0.0,Urea
28.5,53.6,40.7,Sandy,Maize,26.7,2.6,18.9,28-28
31.1,50.8,44.9,Loamy,Wheat,15.4,0.3,39.7,DAP
29.6,54.6,36.2,Red,Ground Nuts,11.2,0.8,39.8,DAP
25.1,53.5,32.1,Red,Ground Nuts,12.5,0.5,40.3,DAP
34.2,65.8,67.4,Black,Cotton,6.7,13.5,33.9,14-35-14
30.5,53.7,34.5,Black,Millets,35.9,3.0,6.1,Urea
32.0,55.6,41.1,Sandy,Millets,11.1,0.2,15.5,28-28
34.8,67.3,36.5,Clayey,Paddy,10.4,1.4,36.8,DAP
29.9,55.4,36.8,Black,Millets,41.1,4.1,3.8,Urea
33.5,62.9,24.8,Loamy,Sugarcane,12.6,3.9,33.3,DAP
35.4,65.5,45.1,Clayey,Paddy,15.2,0.1,20.3,28-28
34.4,66.0,45.8,Loamy,Wheat,36.6,3.3,4.8,Urea
28.5,55.1,26.4,Red,Ground Nuts,15.8,14.2,10.3,17-17-17
39.3,71.6,35.1,Black,Oil seeds,13.5,8.8,40.4,DAP
34.2,65.4,30.3,Loamy,Sugarcane,11.7,0.7,40.0,DAP
32.4,64.3,53.1,Loamy,Sugarcane,12.6,17.2,11.8,17-17-17
28.8,61.8,45.2,Black,Sugarcane,15.3,12.1,10.8,17-17-17
34.7,66.0,60.4,Black,Cotton,7.5,13.5,31.3,14-35-14
35.2,71.6,33.8,Clayey,Paddy,14.3,4.3,43.2,DAP
31.9,55.4,61.6,Black,Cotton,41.4,3.2,4.7,Urea
29.4,48.7,30.7,Sandy,Barley,10.4,12.9,14.8,17-17-17
27.5,54.5,25.2,Red,Ground Nuts,11.9,15.0,11.4,17-17-17
32.9,65.6,50.0,Loamy,Wheat,43.8,4.1,5.9,Urea
27.9,64.5,64.9,Loamy,Cotton,39.8,2.0,2.8,Urea
37.2,71.6,31.6,Black,Oil seeds,8.8,6.3,36.1,DAP
30.9,50.7,32.6,Sandy,Maize,44.6,2.6,0.8,Urea
37.3,67.3,66.1,Black,Cotton,11.0,8.2,30.5,14-35-14
29.8,57.0,66.0,Black,Cotton,42.4,4.0,2.5,Urea
38.3,67.3,35.2,Clayey,Paddy,13.4,3.3,43.3,DAP
35.0,65.8,28.6,Loamy,Sugarcane,11.8,4.3,33.0,DAP
25.1,64.0,67.4,Loamy,Cotton,33.9,0.8,4.2,Urea
30.8,65.6,31.4,Clayey,Pulses,40.4,5.7,0.7,Urea
27.4,54.2,41.0,Black,Millets,35.9,3.3,0.0,Urea
32.6,53.7,37.1,Sandy,Maize,25.7,0.8,21.8,28-28
26.6,53.1,27.5,Red,Ground Nuts,10.3,1.6,39.0,DAP
30.8,66.9,35.3,Red,Pulses,19.7,1.6,22.7,28-28
36.6,70.8,36.4,Clayey,Paddy,16.8,3.5,35.2,DAP
37.0,70.9,33.3,Black,Oil seeds,7.0,7.2,44.3,DAP
35.7,67.9,56.2,Loamy,Sugarcane,14.6,15.9,17.3,17-17-17
34.3,63.3,60.4,Black,Cotton,8.9,10.3,32.6,14-35-14
26.9,49.0,32.9,Sandy,Barley,16.2,7.4,12.4,17-17-17
39.0,70.9,33.8,Black,Oil seeds,9.1,9.9,36.2,DAP
33.2,57.6,63.7,Black,Cotton,40.5,1.1,7.2,Urea
33.9,54.3,41.8,Sandy,Millets,15.2,0.0,22.0,28-28
27.5,55.6,37.9,Black,Millets,44.0,3.3,2.7,Urea
34.1,64.6,31.7,Red,Tobacco,30.0,0.0,18.3,28-28
32.7,66.5,30.3,Clayey,Pulses,36.8,4.7,1.8,Urea
35.1,63.0,32.6,Loamy,Sugarcane,13.1,4.1,41.9,DAP
38.5,66.8,38.8,Clayey,Paddy,17.2,3.1,36.2,DAP
30.5,51.9,42.0,Loamy,Wheat,27.7,3.8,17.2,28-28
34.9,64.0,29.1,Loamy,Sugarcane,36.2,2.6,6.0,Urea
35.8,70.5,28.4,Sandy,Barley,11.8,1.6,34.8,14-35-14
36.4,67.5,43.4,Clayey,Paddy,15.1,2.0,42.5,DAP
27.3,50.1,30.5,Red,Ground Nuts,9.1,2.2,40.4,DAP
27.7,54.7,31.0,Red,Ground Nuts,14.3,13.9,11.1,17-17-17
26.1,55.1,32.0,Red,Ground Nuts,14.6,18.4,10.1,17-17-17
34.8,66.1,35.1,Clayey,Paddy,12.0,3.2,38.7,DAP
36.8,68.6,37.5,Clayey,Paddy,11.9,0.2,43.1,DAP
33.9,67.4,38.6,Red,Tobacco,13.3,3.9,34.6,DAP
34.5,69.7,30.0,Sandy,Barley,13.9,2.9,41.5,14-35-14
28.1,55.1,63.2,Red,Cotton,9.5,2.4,8.3,20-20
27.7,64.7,63.7,Loamy,Cotton,10.0,13.2,31.5,14-35-14
29.2,55.5,36.0,Sandy,Maize,29.5,3.7,22.9,28-28
28.3,61.2,49.6,Black,Sugarcane,12.6,16.8,16.0,17-17-17
27.5,59.1,58.4,Loamy,Cotton,7.6,11.2,34.0,14-35-14
30.6,51.6,51.1,Loamy,Wheat,29.7,1.5,24.3,28-28
29.4,53.2,31.0,Sandy,Barley,12.7,11.8,17.3,17-17-17
32.5,64.7,28.1,Loamy,Sugarcane,13.7,5.1,37.2,DAP
34.0,63.0,45.6,Clayey,Paddy,17.2,1.7,25.5,28-28
30.9,54.2,34.2,Black,Millets,32.7,3.7,1.9,Urea
34.5,66.5,49.2,Loamy,Sugarcane,12.6,14.7,15.5,17-17-17
27.4,53.7,34.4,Sandy,Maize,42.8,3.9,6.6,Urea
34.7,59.8,30.6,Loamy,Sugarcane,40.8,2.0,0.6,Urea
32.4,60.4,33.0,Loamy,Sugarcane,40.3,1.4,4.3,Urea
28.0,55.6,39.2,Sandy,Maize,39.9,2.6,2.3,Urea
25.5,54.7,24.1,Red,Ground Nuts,14.5,17.6,10.7,17-17-17
33.4,69.0,59.0,Black,Cotton,11.2,10.8,31.5,14-35-14
36.8,65.8,30.1,Sandy,Barley,11.6,2.9,38.7,14-35-14
36.1,68.8,39.1,Clayey,Paddy,10.6,4.3,40.9,DAP
30.5,58.7,64.1,Loamy,Cotton,8.5,11.6,33.0,14-35-14
33.3,67.1,39.2,Red,Pulses,24.3,3.8,27.4,28-28
36.2,60.0,39.8,Clayey,Pulses,41.0,1.4,4.9,Urea
30.2,63.9,42.5,Clayey,Paddy,15.9,1.2,24.9,28-28
26.7,54.0,40.3,Sandy,Maize,43.2,2.8,6.5,Urea
31.3,53.5,49.9,Loamy,Wheat,12.2,1.7,33.8,DAP
35.3,63.8,45.7,Loamy,Wheat,42.0,2.4,5.0,Urea
28.9,50.9,60.3,Red,Cotton,13.3,3.7,13.2,20-20
32.1,55.7,49.3,Clayey,Paddy,40.9,0.4,5.9,Urea
32.3,59.6,47.1,Clayey,Paddy,38.0,1.9,0.9,Urea
28.2,55.6,27.0,Sandy,Ground Nuts,20.5,1.1,30.7,DAP
30.5,63.4,35.7,Red,Pulses,17.5,4.8,19.3,28-28
34.6,62.7,59.9,Loamy,Sugarcane,13.7,10.8,33.9,14-35-14
26.5,54.2,32.0,Clayey,Pulses,12.5,1.7,13.8,20-20
28.6,57.6,42.9,Clayey,Paddy,43.9,4.5,0.5,Urea
33.8,62.8,47.8,Black,Sugarcane,15.4,17.4,15.3,17-17-17
26.8,55.7,27.5,Sandy,Ground Nuts,22.1,0.8,42.8,DAP
27.3,50.4,32.9,Sandy,Barley,13.9,11.2,16.8,17-17-17
31.6,56.2,33.0,Black,Millets,35.8,0.7,4.2,Urea
30.5,64.8,57.8,Loamy,Cotton,12.3,11.1,36.2,14-35-14
36.3,63.9,54.3,Loamy,Sugarcane,14.5,13.3,14.5,17-17-17
23.2,54.2,26.5,Red,Ground Nuts,14.4,18.9,8.1,17-17-17
26.4,58.2,31.1,Black,Millets,44.9,1.8,6.6,Urea
31.4,50.3,48.4,Loamy,Wheat,12.1,1.3,43.4,DAP
30.1,54.5,37.8,Black,Millets,38.0,3.5,2.4,Urea
31.8,57.6,51.6,Black,Sugarcane,15.1,12.0,14.6,17-17-17
28.0,57.5,35.9,Black,Millets,44.2,3.9,2.9,Urea
30.2,60.7,30.3,Red,Tobacco,22.8,4.3,26.8,28-28
25.0,65.0,60.7,Loamy,Cotton,40.1,4.8,4.9,Urea
30.4,56.1,43.1,Sandy,Millets,10.8,3.5,16.7,28-28
37.1,68.9,41.4,Clayey,Paddy,17.3,1.8,38.3,DAP
31.6,66.3,28.7,Loamy,Sugarcane,14.3,0.0,36.6,DAP
33.4,63.1,46.1,Loamy,Wheat,37.3,2.4,2.2,Urea
26.5,63.3,67.3,Loamy,Cotton,36.2,3.7,3.4,Urea
32.5,61.5,57.4,Loamy,Sugarcane,11.3,11.4,36.8,14-35-14
32.8,65.2,54.5,Loamy,Sugarcane,14.3,15.6,11.5,17-17-17
25.9,56.5,47.7,Loamy,Wheat,20.6,2.4,19.4,28-28
33.1,67.2,61.3,Red,Cotton,10.3,11.9,31.3,14-35-14
29.4,58.4,37.6,Black,Millets,39.5,4.3,2.0,Urea
38.5,68.1,29.4,Black,Oil seeds,10.3,7.8,36.4,DAP
36.7,69.4,34.8,Sandy,Barley,16.9,3.1,35.0,14-35-14
36.7,71.8,35.0,Black,Oil seeds,13.8,10.6,44.7,DAP
39.3,70.3,28.9,Black,Oil seeds,10.7,10.7,39.3,DAP
35.2,67.4,43.0,Clayey,Paddy,17.6,5.1,44.0,DAP
28.7,54.9,41.8,Sandy,Maize,24.1,2.0,21.6,28-28
28.8,56.7,40.4,Clayey,Paddy,43.2,0.0,2.1,Urea
30.5,59.8,55.8,Black,Sugarcane,13.0,14.3,16.2,17-17-17
27.7,58.0,38.4,Black,Millets,41.7,0.6,4.5,Urea
35.7,68.8,34.3,Clayey,Paddy,17.3,0.5,41.2,DAP
38.0,67.5,38.1,Clayey,Paddy,17.5,1.8,41.1,DAP
34.9,64.2,52.7,Loamy,Wheat,40.4,4.2,1.2,Urea
37.4,66.4,29.4,Red,Tobacco,7.1,0.6,40.7,DAP
32.8,66.0,57.8,Loamy,Sugarcane,15.6,11.9,28.7,14-35-14
34.8,68.2,36.1,Red,Tobacco,9.0,5.9,35.3,DAP
37.9,67.2,30.0,Sandy,Barley,14.0,2.6,40.8,14-35-14
31.8,63.6,62.8,Loamy,Cotton,10.9,8.1,35.7,14-35-14
30.8,50.5,44.6,Loamy,Wheat,15.3,1.1,34.2,DAP
32.7,63.4,62.9,Black,Cotton,11.2,12.1,30.3,14-35-14
30.5,66.7,38.6,Clayey,Pulses,44.2,4.6,0.0,Urea
30.6,66.5,52.3,Loamy,Wheat,44.9,2.5,0.0,Urea
36.1,61.8,33.5,Loamy,Sugarcane,35.3,4.1,6.3,Urea
36.0,68.2,35.7,Sandy,Barley,14.4,4.7,43.1,14-35-14
36.8,67.8,38.2,Clayey,Paddy,15.2,4.1,39.0,DAP
29.0,49.9,31.9,Red,Ground Nuts,12.9,1.7,37.4,DAP
25.6,64.1,62.9,Loamy,Cotton,39.6,1.7,2.7,Urea
30.2,51.5,53.9,Loamy,Wheat,13.6,1.8,37.1,DAP
33.2,57.3,68.2,Black,Cotton,35.8,3.6,4.4,Urea
29.2,55.6,28.8,Red,Ground Nuts,19.2,13.8,10.8,17-17-17
28.2,56.9,51.9,Loamy,Wheat,14.8,2.3,33.1,DAP
27.0,65.4,61.0,Loamy,Cotton,42.4,1.3,3.0,Urea
31.9,60.0,30.8,Red,Tobacco,24.0,1.9,22.3,28-28
34.6,62.7,67.5,Black,Cotton,8.3,12.0,35.8,14-35-14
28.4,55.5,40.6,Clayey,Paddy,44.0,1.6,0.5,Urea
38.3,71.4,35.0,Black,Oil seeds,10.9,11.5,44.1,DAP
30.0,53.4,59.0,Red,Cotton,8.5,4.3,12.4,20-20
32.0,65.8,54.8,Black,Sugarcane,12.4,14.1,12.4,17-17-17
32.8,66.1,47.3,Loamy,Wheat,39.7,1.7,3.6,Urea
32.6,62.3,47.9,Black,Sugarcane,13.0,16.4,13.6,17-17-17
35.5,65.9,61.5,Red,Cotton,12.1,12.2,27.8,14-35-14
31.2,56.5,63.5,Black,Cotton,43.1,0.3,0.0,Urea
29.1,54.0,67.7,Black,Cotton,43.5,3.7,1.4,Urea
35.5,67.3,50.6,Loamy,Sugarcane,10.3,13.4,11.0,17-17-17
30.4,56.1,59.9,Black,Cotton,37.8,0.6,4.2,Urea
35.0,62.8,46.0,Loamy,Wheat,44.5,1.1,2.9,Urea
29.1,54.4,31.6,Black,Millets,42.1,5.4,3.1,Urea
30.0,65.9,37.6,Clayey,Pulses,37.5,1.0,6.2,Urea
27.0,49.8,26.9,Sandy,Ground Nuts,17.9,3.9,33.8,DAP
36.0,64.7,49.3,Loamy,Sugarcane,10.5,15.1,13.8,17-17-17
30.9,63.8,36.3,Red,Tobacco,30.6,1.0,21.2,28-28
27.6,53.7,62.2,Red,Cotton,10.1,4.0,12.5,20-20
30.7,66.0,61.1,Red,Cotton,11.3,12.5,28.6,14-35-14
27.5,54.0,28.7,Red,Ground Nuts,13.3,16.4,14.7,17-17-17
35.9,67.1,33.3,Sandy,Barley,15.2,4.9,40.7,14-35-14
32.2,51.5,45.7,Loamy,Wheat,27.2,3.3,17.7,28-28
26.2,54.7,35.6,Red,Ground Nuts,9.1,2.5,42.3,DAP
36.1,68.8,44.4,Clayey,Paddy,17.8,5.7,38.8,DAP
28.0,51.0,41.3,Sandy,Maize,26.7,2.5,22.7,28-28
28.1,56.5,47.1,Loamy,Wheat,25.9,5.5,18.9,28-28
27.4,53.6,45.8,Loamy,Wheat,23.6,1.8,16.9,28-28
26.8,65.4,67.9,Loamy,Cotton,39.4,4.4,1.9,Urea
28.5,53.0,60.3,Black,Cotton,35.6,0.8,2.6,Urea
24.5,49.2,32.0,Red,Ground Nuts,11.6,3.2,42.6,DAP
32.1,60.6,44.9,Clayey,Paddy,17.4,1.2,20.3,28-28
26.9,47.8,31.5,Red,Ground Nuts,10.7,1.0,46.7,DAP
29.1,53.9,45.2,Loamy,Wheat,25.7,0.7,20.0,28-28
32.0,66.4,58.8,Black,Cotton,8.1,9.6,30.1,14-35-14
29.3,65.2,59.2,Loamy,Cotton,9.7,10.8,34.7,14-35-14
33.2,61.9,34.4,Loamy,Sugarcane,42.7,1.4,4.7,Urea
27.1,60.0,33.7,Black,Millets,44.0,0.0,0.8,Urea
28.2,52.6,26.8,Clayey,Pulses,10.2,1.4,15.5,20-20
33.1,64.5,61.1,Black,Cotton,10.5,11.3,28.5,14-35-14
25.1,53.8,23.9,Sandy,Ground Nuts,14.0,0.7,35.7,DAP
35.7,64.4,63.6,Red,Cotton,12.7,13.9,32.1,14-35-14
35.2,70.6,28.8,Sandy,Barley,12.0,3.6,35.4,14-35-14
28.8,64.4,56.9,Loamy,Sugarcane,13.4,5.1,33.2,14-35-14
27.0,49.7,24.1,Red,Ground Nuts,16.1,18.6,10.6,17-17-17
30.8,51.0,39.4,Sandy,Maize,28.5,1.8,17.0,28-28
37.0,64.2,60.2,Red,Cotton,11.6,14.0,29.5,14-35-14
32.1,56.8,63.5,Black,Cotton,36.1,2.1,3.4,Urea
31.0,62.5,62.0,Red,Cotton,13.1,12.7,26.8,14-35-14
29.3,52.9,38.8,Sandy,Maize,35.5,1.3,3.3,Urea
25.7,55.2,25.9,Red,Ground Nuts,14.8,17.5,14.5,17-17-17
35.6,68.9,34.4,Clayey,Paddy,13.5,3.0,37.9,DAP
30.8,59.5,64.3,Black,Cotton,34.6,1.6,5.3,Urea
27.0,56.7,58.1,Red,Cotton,8.2,0.3,7.8,20-20
28.1,55.0,26.7,Red,Ground Nuts,17.8,15.0,15.3,17-17-17
29.4,63.9,58.2,Loamy,Sugarcane,13.6,7.9,28.6,14-35-14
35.8,64.4,44.0,Loamy,Wheat,39.9,1.3,2.9,Urea
33.0,63.2,50.8,Loamy,Sugarcane,13.5,12.3,9.6,17-17-17
35.7,68.0,35.3,Clayey,Paddy,12.9,2.2,44.7,DAP
36.9,67.7,36.5,Clayey,Paddy,14.9,2.1,37.6,DAP
30.8,57.6,32.0,Clayey,Pulses,14.6,3.0,12.6,20-20
35.5,59.8,53.2,Black,Sugarcane,12.4,12.8,13.4,17-17-17
33.2,65.5,48.2,Loamy,Sugarcane,11.9,12.4,10.7,17-17-17
26.2,50.7,45.1,Loamy,Wheat,20.0,0.4,17.9,28-28
33.8,62.0,31.4,Red,Pulses,21.3,0.9,26.0,28-28
25.7,56.0,33.8,Red,Ground Nuts,12.2,4.8,43.7,DAP
25.8,61.5,62.4,Loamy,Cotton,41.2,4.7,3.8,Urea
32.8,66.0,30.1,Clayey,Pulses,37.1,1.0,1.6,Urea
26.5,52.0,24.9,Clayey,Pulses,13.5,1.8,10.1,20-20
35.9,64.5,38.7,Red,Tobacco,8.5,1.1,37.9,DAP
29.8,63.7,56.8,Red,Cotton,10.6,13.0,28.9,14-35-14
34.5,60.0,63.7,Loamy,Sugarcane,11.0,12.5,26.4,14-35-14
36.3,65.9,54.2,Loamy,Sugarcane,13.5,17.5,11.6,17-17-17
28.8,58.0,39.1,Black,Millets,36.2,0.0,1.7,Urea
31.0,62.5,63.9,Red,Cotton,7.7,10.1,27.4,14-35-14
34.9,65.5,36.9,Clayey,Paddy,13.1,2.5,39.5,DAP
35.1,66.9,30.4,Red,Tobacco,27.8,1.4,24.2,28-28
29.2,50.6,28.8,Sandy,Ground Nuts,14.3,3.7,32.6,DAP
29.9,55.2,50.2,Loamy,Wheat,15.6,0.2,39.1,DAP
35.4,69.6,31.9,Black,Oil seeds,13.2,6.9,46.1,DAP
24.9,64.8,65.2,Loamy,Cotton,38.4,3.8,1.4,Urea
32.1,63.3,30.3,Loamy,Sugarcane,40.4,2.8,1.6,Urea
32.6,66.4,65.7,Black,Cotton,11.1,12.6,33.5,14-35-14
34.7,62.4,39.4,Clayey,Pulses,44.9,0.2,0.0,Urea
29.0,51.8,46.7,Loamy,Wheat,12.3,3.9,37.1,DAP
34.2,64.7,30.1,Red,Pulses,21.4,5.1,23.5,28-28
28.5,55.1,39.7,Sandy,Maize,26.1,4.0,17.2,28-28
26.4,56.4,56.4,Red,Cotton,13.6,1.5,9.8,20-20
29.1,52.5,33.1,Sandy,Ground Nuts,16.8,0.0,36.1,DAP
30.8,67.9,50.3,Loamy,Wheat,39.7,2.5,5.7,Urea
34.5,65.0,36.4,Red,Pulses,25.4,4.1,26.7,28-28
25.9,65.0,61.1,Loamy,Cotton,43.6,3.2,2.0,Urea
32.3,58.7,56.6,Red,Cotton,11.9,9.1,29.7,14-35-14
35.4,70.3,31.7,Black,Oil seeds,8.6,7.7,39.1,DAP
24.1,62.0,63.0,Loamy,Cotton,38.4,0.3,5.8,Urea
31.8,60.8,42.0,Clayey,Paddy,14.2,0.6,26.1,28-28
37.7,70.8,34.1,Sandy,Barley,11.3,4.0,37.6,14-35-14
27.1,54.4,35.5,Sandy,Maize,32.7,1.4,1.7,Urea
34.4,66.6,48.7,Loamy,Sugarcane,14.9,16.1,14.7,17-17-17
33.7,67.1,52.7,Loamy,Sugarcane,9.7,11.3,13.8,17-17-17
34.4,51.6,43.7,Sandy,Millets,16.8,5.8,19.0,28-28
32.2,65.7,35.7,Loamy,Sugarcane,40.6,0.5,1.1,Urea
28.0,55.4,48.4,Loamy,Wheat,22.4,1.8,19.2,28-28
30.8,54.2,37.0,Black,Millets,39.9,0.0,1.7,Urea
28.5,47.9,38.3,Sandy,Barley,15.5,9.8,16.9,17-17-17
28.4,57.1,32.8,Black,Millets,40.0,3.5,0.4,Urea
34.1,62.6,52.4,Loamy,Wheat,40.0,0.4,2.0,Urea
28.5,58.0,32.3,Black,Millets,41.2,2.8,5.2,Urea
34.5,61.3,44.1,Clayey,Paddy,15.9,3.3,25.4,28-28
28.4,53.3,32.2,Red,Ground Nuts,9.5,3.7,43.7,DAP
29.5,53.6,34.4,Sandy,Barley,17.1,8.1,15.0,17-17-17
34.7,63.0,47.6,Black,Sugarcane,10.8,11.0,13.6,17-17-17
35.3,67.8,32.3,Sandy,Barley,12.4,0.0,38.6,14-35-14
29.6,53.0,66.3,Black,Cotton,40.4,2.8,4.1,Urea
31.4,61.4,60.3,Loamy,Cotton,7.4,11.5,26.9,14-35-14
27.5,53.0,26.4,Clayey,Pulses,13.4,0.9,13.3,20-20
31.4,67.6,31.8,Red,Pulses,26.2,3.1,18.3,28-28
26.7,56.1,35.6,Black,Millets,40.3,1.8,2.6,Urea
31.4,50.6,43.9,Loamy,Wheat,20.5,1.9,18.9,28-28
29.5,53.3,37.9,Black,Millets,35.0,0.0,5.9,Urea
37.7,67.5,35.5,Sandy,Barley,13.7,1.7,42.8,14-35-14
29.8,53.6,40.1,Black,Millets,43.2,0.8,5.2,Urea
30.7,54.3,38.6,Black,Millets,44.1,2.2,0.0,Urea
28.8,61.5,55.2,Loamy,Sugarcane,15.1,5.4,30.6,14-35-14
28.8,60.9,66.1,Loamy,Cotton,6.4,12.7,31.8,14-35-14
33.4,63.0,28.1,Red,Tobacco,21.7,3.9,19.7,28-28
38.4,66.0,37.3,Clayey,Paddy,14.2,5.2,39.5,DAP
33.4,52.6,36.4,Sandy,Maize,20.6,4.7,15.6,28-28
32.1,54.1,48.6,Clayey,Paddy,38.7,1.6,3.3,Urea
27.9,57.1,41.6,Sandy,Maize,23.6,3.7,18.6,28-28
29.1,63.4,46.5,Black,Sugarcane,11.6,15.0,16.5,17-17-17
30.3,52.7,45.2,Sandy,Millets,17.9,3.3,16.7,28-28
26.1,62.9,60.4,Loamy,Cotton,38.9,2.6,1.0,Urea
34.3,62.8,48.9,Black,Sugarcane,10.1,11.5,12.9,17-17-17
26.0,62.2,64.4,Loamy,Cotton,35.8,0.5,6.2,Urea
37.2,62.8,66.1,Black,Cotton,6.6,7.8,29.6,14-35-14
29.1,55.5,32.6,Clayey,Pulses,14.6,5.0,10.4,20-20
25.8,57.0,32.6,Red,Ground Nuts,9.0,3.3,39.7,DAP
32.8,66.0,35.4,Red,Pulses,27.2,3.1,25.0,28-28
30.3,64.1,29.7,Loamy,Sugarcane,13.8,4.6,36.3,DAP
32.0,54.5,43.1,Sandy,Millets,18.2,3.0,15.9,28-28
31.8,64.1,33.3,Loamy,Sugarcane,41.7,2.8,2.9,Urea
24.6,49.4,29.6,Red,Ground Nuts,17.6,18.3,11.8,17-17-17
30.7,59.6,55.5,Loamy,Sugarcane,11.4,10.2,32.4,14-35-14
31.7,57.1,40.6,Clayey,Paddy,34.2,2.6,4.1,Urea
31.0,57.7,31.1,Clayey,Pulses,10.0,2.3,6.9,20-20
25.3,52.4,46.2,Loamy,Wheat,30.1,0.0,19.3,28-28
27.4,58.3,36.9,Black,Millets,41.7,1.6,1.1,Urea
23.9,53.0,30.6,Red,Ground Nuts,8.9,4.5,36.3,DAP
33.4,53.2,47.9,Loamy,Wheat,10.4,0.1,40.2,DAP
28.6,56.5,29.5,Clayey,Pulses,13.0,2.1,16.5,20-20
31.8,67.6,33.1,Loamy,Sugarcane,17.0,0.4,37.9,DAP
27.8,59.8,44.2,Clayey,Paddy,41.3,1.0,1.5,Urea
35.9,67.0,30.1,Red,Tobacco,31.1,4.8,26.9,28-28
36.8,63.4,51.2,Loamy,Sugarcane,13.8,17.4,11.1,17-17-17
26.8,48.8,28.8,Red,Ground Nuts,13.5,14.4,13.5,17-17-17
35.6,69.6,38.2,Clayey,Paddy,8.9,1.6,40.6,DAP
27.4,48.3,25.2,Sandy,Ground Nuts,20.1,2.5,33.1,DAP
36.8,59.9,37.2,Red,Pulses,28.1,2.4,21.4,28-28
31.3,65.5,65.0,Red,Cotton,10.3,8.6,33.3,14-35-14
32.5,63.0,63.1,Loamy,Sugarcane,9.9,11.0,31.5,14-35-14
30.9,60.1,45.7,Black,Sugarcane,13.1,14.1,15.6,17-17-17
28.1,54.6,36.1,Black,Millets,34.9,4.9,1.4,Urea
34.9,68.1,37.7,Black,Oil seeds,13.2,8.1,38.4,DAP
25.5,56.7,54.5,Red,Cotton,14.1,0.7,11.4,20-20
29.2,52.4,33.5,Clayey,Pulses,12.7,3.5,11.2,20-20
31.4,63.8,51.7,Loamy,Wheat,37.7,2.3,3.7,Urea
27.7,66.1,65.4,Loamy,Cotton,36.9,3.8,2.9,Urea
35.5,72.7,36.7,Black,Oil seeds,13.4,10.8,41.4,DAP
27.5,54.4,47.6,Loamy,Wheat,25.7,0.9,18.9,28-28
24.9,61.6,61.6,Loamy,Cotton,44.5,1.0,5.0,Urea
26.1,52.9,42.6,Loamy,Wheat,23.2,0.4,16.4,28-28
30.5,50.5,36.4,Sandy,Maize,23.2,0.4,22.9,28-28
33.7,70.1,42.1,Clayey,Paddy,16.5,4.0,41.4,DAP
33.3,60.9,55.9,Black,Sugarcane,10.6,11.8,12.5,17-17-17
34.0,52.5,67.8,Black,Cotton,44.4,1.9,6.3,Urea
35.1,66.8,47.7,Loamy,Wheat,40.0,3.9,6.0,Urea
35.1,68.7,31.3,Red,Tobacco,27.7,4.7,25.8,28-28
34.3,68.2,50.4,Loamy,Sugarcane,13.7,16.1,9.8,17-17-17
26.9,50.6,41.3,Sandy,Maize,35.1,1.1,7.0,Urea
37.8,71.2,28.0,Black,Oil seeds,12.2,7.8,44.3,DAP
28.6,56.5,33.4,Clayey,Pulses,12.2,2.9,8.8,20-20
28.3,50.8,38.6,Sandy,Maize,42.7,2.8,2.9,Urea
28.2,61.6,63.1,Loamy,Cotton,10.6,10.1,33.4,14-35-14
30.6,60.2,45.3,Clayey,Paddy,33.0,0.3,0.9,Urea
29.6,63.2,58.8,Red,Cotton,10.5,13.8,27.8,14-35-14
28.7,53.0,27.8,Sandy,Ground Nuts,19.2,1.6,32.1,DAP
30.2,53.4,41.4,Clayey,Paddy,34.6,4.0,0.0,Urea
35.8,66.3,48.1,Loamy,Wheat,43.6,4.3,4.9,Urea
34.3,63.8,30.2,Red,Tobacco,20.9,0.6,26.4,28-28
28.1,54.0,30.4,Black,Millets,39.3,1.1,2.6,Urea
35.9,66.5,42.4,Clayey,Paddy,11.6,0.8,22.4,28-28
29.8,58.3,35.6,Black,Millets,43.2,4.5,4.2,Urea
30.2,50.9,46.8,Loamy,Wheat,26.3,2.0,21.6,28-28
34.8,62.1,47.3,Loamy,Wheat,42.0,2.6,4.0,Urea
27.1,51.8,63.9,Red,Cotton,13.4,1.2,13.6,20-20
33.9,63.1,46.5,Clayey,Paddy,17.2,0.6,23.3,28-28
29.8,52.1,38.9,Sandy,Maize,40.9,2.9,3.8,Urea
33.0,53.2,50.1,Loamy,Wheat,14.4,1.4,42.1,DAP
30.4,64.9,48.0,Loamy,Wheat,39.1,4.6,3.2,Urea
30.5,64.9,32.2,Loamy,Sugarcane,40.1,3.0,2.6,Urea
32.2,64.1,62.6,Red,Cotton,10.7,10.6,32.9,14-35-14
35.4,59.9,57.0,Loamy,Sugarcane,9.4,10.3,35.8,14-35-14
28.0,55.8,50.3,Loamy,Wheat,11.3,5.5,33.4,DAP
27.2,53.1,34.1,Red,Ground Nuts,12.6,2.0,38.8,DAP
34.8,53.4,44.4,Sandy,Millets,16.4,3.6,19.2,28-28
36.3,67.8,31.1,Red,Tobacco,10.2,0.5,40.3,DAP
33.0,62.4,26.8,Loamy,Sugarcane,11.1,4.5,36.8,DAP
34.5,64.8,55.1,Loamy,Sugarcane,14.2,8.9,30.4,14-35-14
26.3,55.4,23.9,Red,Ground Nuts,14.9,18.9,8.5,17-17-17
36.0,66.1,33.2,Sandy,Barley,16.1,1.7,41.9,14-35-14
32.0,67.1,54.7,Loamy,Sugarcane,12.0,17.2,11.6,17-17-17
31.4,64.7,33.3,Red,Tobacco,21.7,2.4,24.5,28-28
31.9,57.3,43.4,Sandy,Millets,15.1,4.5,21.4,28-28
39.1,67.3,36.0,Black,Oil seeds,11.1,10.7,37.7,DAP
33.0,67.3,57.7,Black,Cotton,9.9,12.8,31.5,14-35-14
29.3,53.6,35.9,Black,Millets,37.1,1.7,6.9,Urea
26.0,58.7,36.4,Black,Millets,41.2,0.7,5.4,Urea
26.7,52.7,32.8,Clayey,Pulses,16.9,3.5,10.0,20-20
27.4,54.2,33.1,Red,Ground Nuts,13.6,3.6,42.5,DAP
32.3,63.6,48.4,Loamy,Sugarcane,10.0,17.0,12.9,17-17-17
36.0,69.0,33.6,Sandy,Barley,11.4,4.4,37.6,14-35-14
37.0,67.3,66.8,Black,Cotton,11.0,10.6,28.9,14-35-14
25.1,55.3,32.6,Red,Ground Nuts,9.1,4.0,36.7,DAP
29.9,65.0,37.9,Clayey,Paddy,18.6,4.0,23.8,28-28
31.9,61.1,45.9,Clayey,Paddy,12.2,4.8,19.3,28-28
33.9,61.1,57.6,Red,Cotton,10.2,7.6,31.9,14-35-14
29.7,55.2,30.3,Sandy,Barley,16.3,11.5,9.9,17-17-17
33.9,52.5,43.7,Sandy,Millets,11.9,4.7,17.0,28-28
34.8,62.3,39.0,Clayey,Paddy,15.9,0.7,20.6,28-28
31.1,62.9,46.2,Loamy,Wheat,41.5,1.4,6.0,Urea
32.0,68.6,46.4,Loamy,Wheat,40.7,1.7,4.3,Urea
33.6,64.3,43.8,Clayey,Paddy,16.0,2.0,25.3,28-28
31.7,68.2,50.5,Loamy,Wheat,42.3,5.1,6.0,Urea
32.0,64.4,31.0,Loamy,Sugarcane,16.4,3.7,36.2,DAP
36.9,63.2,60.4,Black,Cotton,10.9,11.6,33.1,14-35-14
35.3,66.4,36.4,Red,Tobacco,7.2,3.4,35.2,DAP
29.4,59.8,29.2,Loamy,Sugarcane,37.0,1.9,1.7,Urea
31.4,63.6,31.9,Loamy,Sugarcane,10.5,2.1,40.6,DAP
31.0,49.7,41.7,Sandy,Maize,43.0,1.4,1.1,Urea
33.6,67.4,52.7,Loamy,Sugarcane,14.4,15.5,16.1,17-17-17
27.6,55.2,48.8,Loamy,Wheat,16.3,3.9,39.6,DAP
28.4,53.2,50.0,Loamy,Wheat,14.6,2.0,34.9,DAP
29.1,52.8,61.8,Red,Cotton,9.4,5.0,13.3,20-20
25.7,57.0,63.7,Black,Cotton,39.0,4.6,2.0,Urea
32.9,64.9,62.2,Loamy,Sugarcane,12.7,7.1,33.3,14-35-14
32.0,51.7,42.0,Sandy,Millets,15.2,0.8,16.3,28-28
33.7,64.4,28.6,Loamy,Sugarcane,38.6,1.6,3.7,Urea
27.9,53.2,34.2,Black,Millets,38.1,4.2,2.1,Urea
32.7,53.8,44.8,Clayey,Paddy,40.5,4.6,3.7,Urea
32.9,56.9,43.5,Clayey,Paddy,34.6,4.3,3.7,Urea
27.8,54.4,40.5,Sandy,Millets,13.6,0.9,16.8,28-28
25.8,55.9,31.4,Clayey,Pulses,13.9,0.7,10.0,20-20
31.7,61.9,35.8,Red,Pulses,27.4,3.3,23.6,28-28
37.7,66.6,30.1,Sandy,Barley,12.9,0.6,37.4,14-35-14
32.8,60.4,30.9,Red,Pulses,24.0,5.1,22.1,28-28
34.9,61.7,32.5,Loamy,Sugarcane,16.2,4.0,43.4,DAP
26.4,66.0,61.8,Loamy,Cotton,34.3,3.3,2.0,Urea
27.3,52.4,38.9,Sandy,Maize,39.9,2.7,3.3,Urea
33.2,67.1,49.4,Loamy,Sugarcane,14.5,12.0,14.4,17-17-17
30.5,53.0,42.0,Sandy,Millets,13.0,3.2,20.2,28-28
25.7,66.8,64.8,Loamy,Cotton,40.2,3.8,0.5,Urea
30.4,65.2,58.4,Loamy,Sugarcane,14.2,8.0,32.8,14-35-14
25.8,60.2,60.7,Loamy,Cotton,10.4,11.5,27.9,14-35-14
32.3,63.3,51.4,Loamy,Sugarcane,13.9,16.7,15.8,17-17-17
34.4,65.3,40.0,Clayey,Pulses,42.6,3.5,1.9,Urea
28.5,54.2,36.4,Black,Millets,38.4,0.6,4.9,Urea
25.4,65.8,61.9,Loamy,Cotton,38.8,0.8,1.6,Urea
29.3,57.3,43.1,Sandy,Millets,18.1,2.4,15.6,28-28
25.7,53.1,51.9,Loamy,Wheat,30.3,2.5,18.3,28-28
31.7,61.4,36.0,Red,Tobacco,28.0,0.4,25.1,28-28
31.5,61.3,54.7,Black,Sugarcane,14.7,12.1,12.0,17-17-17
30.2,51.5,31.1,Red,Ground Nuts,21.1,16.7,11.9,17-17-17
36.6,64.8,61.5,Black,Cotton,7.2,13.1,31.1,14-35-14
32.5,61.5,59.5,Red,Cotton,13.4,13.9,34.7,14-35-14
35.7,64.1,34.4,Clayey,Pulses,39.9,1.4,1.2,Urea
39.5,66.0,34.5,Clayey,Paddy,13.6,4.9,41.0,DAP
31.8,54.6,26.5,Clayey,Pulses,13.4,2.2,12.3,20-20
37.8,66.2,37.7,Clayey,Paddy,13.5,3.3,46.9,DAP
29.2,56.2,29.7,Clayey,Pulses,10.5,2.0,12.2,20-20
30.2,66.6,52.7,Loamy,Wheat,36.2,3.3,2.1,Urea
34.6,65.9,31.8,Loamy,Sugarcane,41.9,0.4,1.1,Urea
29.5,60.4,38.7,Clayey,Pulses,44.3,1.9,5.3,Urea
31.7,50.4,41.0,Sandy,Maize,22.8,2.9,24.4,28-28
30.3,51.6,62.6,Black,Cotton,44.3,0.5,6.1,Urea
28.0,53.6,29.8,Red,Ground Nuts,10.4,0.8,36.2,DAP
32.2,63.0,36.5,Red,Pulses,22.1,1.7,28.2,28-28
29.0,57.1,45.2,Clayey,Paddy,45.6,2.9,1.3,Urea
34.8,64.6,65.6,Red,Cotton,13.0,14.7,32.3,14-35-14
28.7,55.3,47.3,Clayey,Paddy,36.3,3.4,2.4,Urea
31.6,57.0,31.9,Black,Millets,39.6,2.1,5.3,Urea
32.8,65.6,44.1,Loamy,Wheat,40.1,3.1,0.8,Urea
28.3,57.7,57.3,Red,Cotton,12.8,2.3,15.9,20-20
34.0,64.1,54.1,Loamy,Sugarcane,12.8,14.7,13.3,17-17-17
26.8,53.4,55.5,Loamy,Wheat,11.7,3.0,39.5,DAP
35.7,62.5,48.4,Loamy,Sugarcane,13.5,17.6,15.2,17-17-17
28.7,52.6,61.7,Red,Cotton,9.0,0.2,12.6,20-20
30.8,55.5,44.2,Clayey,Paddy,33.6,0.8,3.1,Urea
32.4,65.5,39.0,Clayey,Pulses,38.0,0.9,1.5,Urea
34.6,64.8,56.3,Loamy,Sugarcane,13.2,14.3,10.2,17-17-17
28.7,63.0,62.7,Loamy,Cotton,11.3,10.4,29.4,14-35-14
28.7,52.5,47.4,Loamy,Wheat,23.4,4.0,17.7,28-28
31.2,57.3,51.4,Loamy,Wheat,15.0,2.7,33.0,DAP
36.0,70.6,42.5,Clayey,Paddy,10.9,4.2,39.7,DAP
38.2,70.4,31.4,Red,Tobacco,12.7,2.7,41.6,DAP
37.4,61.8,58.9,Red,Cotton,7.8,11.4,37.6,14-35-14
35.4,57.9,55.5,Red,Cotton,12.6,10.4,34.0,14-35-14
33.0,62.3,31.9,Loamy,Sugarcane,36.1,1.9,1.2,Urea
32.4,51.1,53.4,Loamy,Wheat,11.0,3.4,34.8,DAP
30.8,52.5,52.8,Loamy,Wheat,11.6,3.3,44.1,DAP
27.5,59.4,36.6,Black,Millets,34.9,0.1,4.3,Urea
27.2,52.9,41.4,Black,Millets,44.5,0.7,2.7,Urea
29.5,51.3,32.2,Sandy,Barley,14.5,13.7,10.6,17-17-17
35.2,55.6,39.9,Sandy,Millets,22.0,3.7,16.3,28-28
27.1,53.3,25.5,Sandy,Ground Nuts,18.2,2.9,35.5,DAP
28.9,56.8,26.3,Clayey,Pulses,10.1,1.1,8.6,20-20
31.0,64.3,38.3,Clayey,Pulses,42.1,1.5,3.5,Urea
31.5,63.4,48.0,Black,Sugarcane,13.2,15.8,13.3,17-17-17
28.8,55.5,39.3,Sandy,Millets,15.0,2.7,21.9,28-28
30.2,62.0,31.5,Loamy,Sugarcane,37.2,3.6,4.4,Urea
37.1,69.7,36.7,Red,Tobacco,14.0,1.6,36.9,DAP
34.4,63.1,33.6,Clayey,Pulses,39.5,3.7,4.4,Urea
28.4,56.0,34.9,Black,Millets,39.2,4.0,2.3,Urea
30.3,60.4,33.4,Loamy,Sugarcane,37.2,2.1,2.1,Urea
30.8,55.9,36.2,Sandy,Millets,15.9,4.0,20.2,28-28
31.7,67.0,30.8,Red,Pulses,27.5,5.1,21.2,28-28
39.4,69.6,42.2,Clayey,Paddy,10.9,0.8,44.0,DAP
35.6,68.6,29.9,Sandy,Barley,14.8,3.7,39.7,14-35-14
35.0,65.6,48.7,Loamy,Sugarcane,13.1,14.5,12.8,17-17-17
25.4,67.2,65.0,Loamy,Cotton,35.9,3.9,3.8,Urea
28.5,56.9,49.8,Loamy,Wheat,12.5,2.7,32.6,DAP
31.2,66.7,52.9,Loamy,Wheat,45.5,0.6,2.1,Urea
36.4,68.5,42.6,Clayey,Paddy,12.1,3.6,43.8,DAP
37.2,62.3,62.8,Black,Cotton,7.3,9.4,32.0,14-35-14
37.5,65.6,63.9,Black,Cotton,6.4,13.5,27.9,14-35-14
29.9,62.7,64.9,Red,Cotton,11.6,10.2,30.6,14-35-14
27.7,55.6,38.5,Black,Millets,37.6,1.6,3.7,Urea
34.5,69.6,40.1,Clayey,Paddy,17.5,4.6,36.4,DAP
34.6,60.3,28.8,Loamy,Sugarcane,40.6,0.0,0.9,Urea
31.0,63.3,33.5,Loamy,Sugarcane,14.4,2.1,33.7,DAP
27.1,55.8,30.8,Red,Ground Nuts,12.0,2.0,44.4,DAP
26.5,48.7,33.0,Sandy,Barley,17.1,11.4,16.2,17-17-17
36.9,70.4,36.3,Clayey,Paddy,10.4,5.1,46.1,DAP
26.6,62.6,65.3,Loamy,Cotton,5.6,9.6,34.6,14-35-14
33.4,57.3,47.5,Loamy,Wheat,14.5,1.6,39.1,DAP
24.9,50.5,39.7,Sandy,Barley,19.2,12.3,16.8,17-17-17
32.2,60.1,44.8,Black,Sugarcane,12.3,14.3,12.7,17-17-17
35.0,62.2,33.7,Loamy,Sugarcane,36.2,0.7,5.9,Urea
36.4,66.8,39.9,Clayey,Paddy,14.3,5.4,38.5,DAP
29.9,52.3,36.9,Sandy,Barley,17.8,12.0,13.5,17-17-17
31.2,63.6,33.4,Loamy,Sugarcane,38.0,3.3,2.0,Urea
29.8,52.2,33.8,Sandy,Ground Nuts,12.5,3.0,44.2,DAP
31.6,52.7,38.1,Sandy,Millets,18.7,0.0,16.9,28-28
30.2,58.8,39.6,Black,Millets,39.2,3.1,0.5,Urea
36.0,69.4,56.6,Loamy,Sugarcane,12.4,17.4,11.9,17-17-17
34.2,66.2,35.2,Clayey,Paddy,12.3,3.4,43.0,DAP
27.1,54.6,59.5,Red,Cotton,10.8,3.5,11.2,20-20
37.0,68.5,33.3,Black,Oil seeds,11.2,9.6,44.8,DAP
27.7,54.2,59.5,Red,Cotton,13.5,5.0,10.9,20-20
35.3,65.6,33.6,Red,Tobacco,11.3,2.9,35.7,DAP
34.0,60.5,32.2,Loamy,Sugarcane,42.1,2.0,3.6,Urea
36.8,60.5,37.6,Red,Pulses,18.3,1.4,22.7,28-28
28.8,52.2,31.0,Clayey,Pulses,10.7,0.5,7.7,20-20
35.4,63.8,58.4,Red,Cotton,11.1,12.3,28.9,14-35-14
26.3,57.2,43.4,Loamy,Wheat,25.6,1.2,21.6,28-28
35.4,62.7,44.5,Loamy,Wheat,39.6,3.2,3.4,Urea
26.8,66.5,67.2,Loamy,Cotton,41.9,3.8,0.6,Urea
28.6,53.3,50.8,Loamy,Wheat,12.7,3.5,31.9,DAP
31.4,56.5,39.2,Black,Millets,42.5,2.5,5.0,Urea
29.9,54.7,34.2,Clayey,Pulses,12.3,3.9,13.9,20-20
28.0,58.0,58.2,Red,Cotton,14.0,1.4,13.6,20-20
27.2,66.6,64.2,Loamy,Cotton,43.9,3.3,1.9,Urea
31.1,60.0,28.2,Loamy,Sugarcane,40.3,3.5,5.4,Urea
33.7,64.3,56.6,Loamy,Sugarcane,13.0,14.6,10.9,17-17-17
38.5,67.7,41.4,Clayey,Paddy,13.6,3.2,41.8,DAP
35.7,66.4,63.0,Loamy,Sugarcane,10.9,8.0,33.6,14-35-14
34.1,65.0,39.0,Red,Tobacco,9.6,0.0,40.7,DAP
27.7,51.9,34.6,Red,Ground Nuts,14.1,1.6,39.5,DAP
35.2,65.2,31.6,Red,Tobacco,11.5,1.8,38.1,DAP
25.9,54.5,24.5,Sandy,Ground Nuts,21.6,5.7,44.3,DAP
35.6,60.6,41.6,Clayey,Paddy,16.4,3.1,23.7,28-28
30.2,54.7,28.1,Red,Ground Nuts,8.4,0.0,38.5,DAP
32.8,59.8,69.2,Black,Cotton,37.7,1.9,4.1,Urea
32.8,53.5,47.1,Clayey,Paddy,37.0,0.7,0.0,Urea
32.7,52.1,45.5,Sandy,Maize,29.0,3.6,20.0,28-28
25.1,51.2,48.9,Loamy,Wheat,24.8,3.2,15.1,28-28
32.1,64.3,35.7,Loamy,Sugarcane,40.9,1.5,1.1,Urea
27.7,55.4,28.6,Red,Ground Nuts,9.3,0.7,44.8,DAP
36.2,67.1,27.7,Sandy,Barley,12.7,3.5,33.7,14-35-14
34.9,65.9,29.6,Red,Tobacco,10.2,4.0,39.9,DAP
35.6,71.1,38.7,Clayey,Paddy,12.5,2.7,41.9,DAP
30.9,64.9,32.2,Loamy,Sugarcane,17.1,0.0,43.2,DAP
32.3,65.6,62.0,Black,Cotton,9.1,12.6,30.6,14-35-14
32.9,60.3,37.5,Red,Tobacco,22.6,2.9,26.0,28-28
33.1,51.4,37.0,Sandy,Maize,20.8,2.6,16.5,28-28
37.0,65.7,34.4,Red,Tobacco,9.0,0.0,40.9,DAP
30.4,62.7,52.4,Loamy,Wheat,43.6,3.7,5.4,Urea
29.7,55.2,40.8,Black,Millets,39.1,4.3,6.2,Urea
32.3,56.0,50.4,Clayey,Paddy,43.6,2.5,5.1,Urea
36.9,68.7,37.6,Red,Tobacco,10.2,2.8,41.3,DAP
34.2,58.9,61.7,Loamy,Sugarcane,14.0,9.3,32.3,14-35-14
37.4,67.7,62.3,Black,Cotton,8.8,11.1,31.9,14-35-14
33.1,60.9,58.7,Red,Cotton,12.4,13.5,26.0,14-35-14
28.7,66.6,25.2,Loamy,Sugarcane,10.1,0.0,41.3,DAP
34.4,64.0,52.8,Loamy,Wheat,36.5,0.0,2.1,Urea
34.6,64.7,42.2,Clayey,Paddy,15.9,4.2,24.2,28-28
31.5,56.5,42.5,Loamy,Wheat,25.7,1.3,18.1,28-28
34.2,66.0,48.4,Loamy,Sugarcane,15.7,17.7,15.0,17-17-17
28.2,52.8,35.5,Sandy,Barley,19.4,8.9,15.6,17-17-17
26.3,52.4,39.5,Sandy,Barley,18.3,11.4,16.7,17-17-17
29.9,62.0,52.0,Loamy,Wheat,44.3,5.3,2.0,Urea
35.9,72.2,28.5,Black,Oil seeds,11.5,6.7,38.7,DAP
33.8,58.8,56.4,Loamy,Sugarcane,15.9,5.5,32.4,14-35-14
29.8,53.3,39.7,Black,Millets,39.7,4.9,4.3,Urea
36.7,60.8,38.6,Red,Pulses,28.0,0.9,19.8,28-28
34.4,69.2,33.3,Sandy,Barley,11.0,0.0,44.5,14-35-14
32.3,55.0,41.4,Clayey,Paddy,41.5,0.7,1.0,Urea
25.8,55.1,39.1,Sandy,Barley,10.2,14.1,17.4,17-17-17
35.5,67.4,34.5,Black,Oil seeds,8.2,7.7,38.3,DAP
31.7,58.5,45.0,Black,Sugarcane,9.6,13.4,14.0,17-17-17
31.9,58.5,64.9,Black,Cotton,37.0,0.5,1.6,Urea
31.2,62.6,62.5,Loamy,Sugarcane,11.6,10.9,33.6,14-35-14
38.1,68.2,37.8,Clayey,Paddy,14.5,1.8,44.0,DAP
30.5,64.0,31.6,Red,Tobacco,27.6,1.3,29.3,28-28
34.0,64.6,51.8,Loamy,Sugarcane,9.3,12.5,13.1,17-17-17
24.6,55.9,25.1,Red,Ground Nuts,17.2,17.6,9.3,17-17-17
24.2,55.1,32.5,Sandy,Ground Nuts,19.3,4.6,38.4,DAP
29.7,55.1,31.4,Sandy,Barley,17.6,11.8,11.7,17-17-17
31.7,52.4,48.1,Loamy,Wheat,11.9,3.5,35.5,DAP
35.0,65.7,28.7,Loamy,Sugarcane,40.7,4.4,1.5,Urea
30.1,56.3,43.0,Sandy,Maize,28.4,4.6,22.0,28-28
29.5,51.0,36.5,Sandy,Maize,31.9,1.9,1.6,Urea
31.3,50.6,50.1,Loamy,Wheat,16.0,4.5,42.9,DAP
28.9,53.7,43.7,Sandy,Maize,23.9,2.1,21.5,28-28
33.9,63.7,36.7,Red,Tobacco,29.6,2.7,22.0,28-28
33.5,69.1,33.7,Sandy,Barley,10.4,3.8,34.1,14-35-14
30.5,52.7,35.3,Sandy,Maize,32.8,2.2,5.2,Urea
33.5,67.2,40.4,Clayey,Pulses,41.7,2.5,0.1,Urea
34.4,66.3,39.7,Clayey,Paddy,14.4,3.5,24.9,28-28
32.7,52.2,41.6,Sandy,Maize,18.7,1.5,15.4,28-28
35.2,62.6,38.1,Red,Pulses,21.3,3.5,20.0,28-28
36.5,69.9,30.2,Red,Tobacco,10.0,4.6,38.3,DAP
29.5,56.4,41.6,Sandy,Maize,28.2,0.1,17.2,28-28
35.1,66.6,35.3,Red,Tobacco,22.3,0.0,22.4,28-28
34.1,62.7,27.2,Loamy,Sugarcane,16.1,0.1,43.5,DAP
25.0,57.9,56.1,Red,Cotton,10.5,1.7,9.6,20-20
26.9,56.3,26.8,Clayey,Pulses,14.0,0.9,9.1,20-20
34.2,62.3,37.3,Clayey,Pulses,38.8,3.5,3.9,Urea
26.4,54.7,27.0,Clayey,Pulses,12.6,3.1,8.1,20-20
27.4,67.0,30.1,Loamy,Sugarcane,17.1,4.4,36.0,DAP
28.1,63.4,53.8,Black,Sugarcane,14.5,14.0,10.8,17-17-17
32.2,64.1,48.7,Loamy,Sugarcane,14.6,14.7,15.1,17-17-17
27.5,59.3,63.3,Loamy,Cotton,11.5,12.9,34.4,14-35-14
36.4,72.4,37.5,Black,Oil seeds,12.5,8.0,41.3,DAP
35.4,63.6,29.1,Red,Tobacco,29.9,2.9,18.4,28-28
38.5,69.3,35.1,Clayey,Paddy,12.9,0.6,42.0,DAP
37.1,63.4,66.6,Black,Cotton,10.8,13.2,26.9,14-35-14
29.6,50.3,41.1,Sandy,Maize,20.6,2.7,25.7,28-28
35.3,71.4,40.9,Clayey,Paddy,16.0,3.1,37.9,DAP
27.7,54.0,42.5,Sandy,Maize,42.1,3.3,4.2,Urea
34.2,60.5,60.0,Loamy,Sugarcane,11.9,10.5,30.0,14-35-14
32.9,65.0,44.1,Clayey,Paddy,17.3,2.4,24.0,28-28
36.2,68.0,33.1,Sandy,Barley,15.7,1.3,37.1,14-35-14
31.7,66.8,51.0,Loamy,Wheat,41.9,1.7,5.5,Urea
29.9,53.0,48.6,Clayey,Paddy,34.2,3.0,0.1,Urea
28.2,55.6,46.7,Loamy,Wheat,15.1,2.0,41.7,DAP
28.8,67.2,27.6,Loamy,Sugarcane,17.7,0.3,41.3,DAP
29.8,53.4,26.3,Clayey,Pulses,12.9,4.1,9.3,20-20
34.9,66.3,36.6,Clayey,Paddy,14.2,3.2,39.9,DAP
36.0,72.4,34.9,Sandy,Barley,12.9,3.5,35.0,14-35-14
31.3,67.6,38.2,Red,Pulses,18.3,4.9,25.9,28-28
27.3,55.1,34.1,Sandy,Maize,42.7,1.3,6.7,Urea
26.8,53.5,38.8,Sandy,Barley,10.0,11.0,10.0,17-17-17
36.0,72.1,39.2,Clayey,Paddy,14.8,1.2,37.7,DAP
36.4,72.7,34.5,Sandy,Barley,10.9,0.9,43.1,14-35-14
36.7,65.1,61.5,Black,Cotton,8.6,9.1,28.0,14-35-14
30.1,52.5,37.4,Sandy,Maize,24.5,0.8,19.5,28-28
34.4,60.3,31.0,Loamy,Sugarcane,37.5,6.1,6.7,Urea
30.0,54.9,65.6,Black,Cotton,42.0,5.0,7.2,Urea
39.8,69.8,34.7,Clayey,Paddy,14.5,5.0,42.9,DAP
33.5,59.8,66.3,Black,Cotton,37.7,4.4,0.5,Urea
39.7,67.4,39.7,Clayey,Paddy,10.7,3.4,39.1,DAP
38.0,68.2,32.2,Sandy,Barley,12.3,0.7,41.9,14-35-14
31.0,57.0,40.0,Sandy,Millets,13.4,4.1,15.6,28-28
33.3,58.3,61.8,Black,Cotton,41.9,2.7,0.5,Urea
33.4,54.8,35.5,Sandy,Maize,24.8,4.2,16.1,28-28
38.0,66.2,33.4,Red,Pulses,22.9,0.2,22.5,28-28
26.6,51.0,38.9,Sandy,Maize,32.6,3.7,2.5,Urea
35.9,60.6,34.9,Loamy,Sugarcane,40.3,2.6,2.2,Urea
38.9,68.7,33.0,Black,Oil seeds,14.2,9.7,46.0,DAP
25.9,60.6,57.5,Loamy,Cotton,7.4,7.8,34.8,14-35-14
29.5,52.3,39.9,Sandy,Millets,12.1,3.7,15.3,28-28
28.8,51.5,25.0,Sandy,Ground Nuts,14.9,4.4,32.8,DAP
33.0,64.2,45.9,Loamy,Wheat,36.4,4.8,3.2,Urea
25.1,64.8,65.3,Loamy,Cotton,33.4,1.0,1.2,Urea
31.3,61.2,35.4,Red,Pulses,26.3,2.9,22.6,28-28
29.0,54.7,51.7,Loamy,Wheat,13.0,2.8,35.2,DAP
27.1,51.5,41.3,Sandy,Maize,40.8,2.5,0.0,Urea
27.1,54.2,37.9,Black,Millets,43.2,3.6,3.8,Urea
30.5,66.2,41.6,Clayey,Paddy,16.0,0.0,23.2,28-28
37.7,68.1,33.8,Clayey,Paddy,11.1,2.1,40.2,DAP
35.3,66.9,37.1,Clayey,Pulses,35.9,1.6,3.1,Urea
38.9,69.6,39.2,Red,Tobacco,11.6,1.5,40.6,DAP
29.6,54.2,34.2,Sandy,Maize,40.3,3.1,4.5,Urea
27.6,63.1,66.6,Loamy,Cotton,38.4,2.4,3.5,Urea
30.1,53.9,41.3,Sandy,Maize,21.2,1.7,17.8,28-28
29.1,55.3,60.5,Red,Cotton,11.4,0.0,14.0,20-20
34.6,67.9,43.1,Clayey,Paddy,17.7,1.4,36.4,DAP
38.1,67.4,36.5,Red,Tobacco,11.2,0.2,38.9,DAP
31.8,66.9,51.2,Loamy,Wheat,36.0,1.6,4.9,Urea
31.6,67.3,29.6,Red,Tobacco,22.5,3.0,18.2,28-28
24.3,51.7,30.2,Red,Ground Nuts,15.4,17.2,10.5,17-17-17
26.2,54.9,30.0,Red,Ground Nuts,8.2,2.7,37.0,DAP
31.5,66.7,45.1,Clayey,Paddy,14.5,3.0,18.1,28-28
30.9,64.1,42.7,Clayey,Paddy,10.9,0.6,26.1,28-28
25.7,53.7,50.0,Loamy,Wheat,25.2,2.4,18.0,28-28
30.0,49.3,30.0,Sandy,Ground Nuts,19.5,4.6,35.2,DAP
29.3,48.2,28.9,Red,Ground Nuts,13.9,15.0,12.3,17-17-17
23.6,50.2,33.3,Sandy,Ground Nuts,12.5,0.0,42.3,DAP
34.5,67.7,51.1,Loamy,Wheat,44.4,2.8,3.5,Urea
29.4,52.8,35.0,Red,Ground Nuts,8.8,2.3,38.5,DAP
26.8,52.3,37.4,Sandy,Maize,38.2,3.1,0.0,Urea
30.2,52.7,32.5,Red,Ground Nuts,11.4,3.2,40.7,DAP
31.7,59.1,60.4,Loamy,Sugarcane,14.3,6.3,30.7,14-35-14
26.8,50.8,28.7,Sandy,Ground Nuts,14.6,1.9,42.4,DAP
39.6,69.2,36.0,Black,Oil seeds,13.7,6.8,41.3,DAP
39.9,70.0,29.4,Black,Oil seeds,9.8,11.7,44.4,DAP
31.9,56.3,44.2,Sandy,Maize,17.6,4.2,22.1,28-28
29.4,52.8,33.8,Sandy,Maize,34.5,1.9,4.3,Urea
29.4,52.6,37.0,Black,Millets,42.6,1.6,1.2,Urea
29.9,54.5,35.3,Sandy,Barley,13.3,10.9,13.7,17-17-17
37.0,69.8,30.5,Black,Oil seeds,12.6,9.0,41.5,DAP
23.9,62.7,66.2,Loamy,Cotton,37.4,3.4,1.2,Urea
24.6,61.5,62.2,Loamy,Cotton,32.3,0.3,6.3,Urea
39.8,66.6,41.4,Clayey,Paddy,15.4,1.1,46.2,DAP
29.3,52.5,47.5,Clayey,Paddy,38.2,1.0,1.2,Urea
37.5,70.3,42.5,Clayey,Paddy,13.2,2.6,42.9,DAP
26.8,55.3,27.0,Red,Ground Nuts,14.1,13.9,12.4,17-17-17
35.0,67.0,39.5,Clayey,Paddy,11.9,3.9,37.7,DAP
29.3,55.6,60.7,Red,Cotton,14.2,4.7,12.2,20-20
32.7,51.8,45.1,Sandy,Maize,25.4,3.4,22.9,28-28
29.6,50.8,42.6,Sandy,Maize,27.0,3.4,22.4,28-28
32.2,64.5,39.8,Clayey,Pulses,37.9,3.2,6.2,Urea
28.9,52.9,35.9,Sandy,Maize,26.0,0.9,22.9,28-28
28.6,62.7,60.2,Loamy,Cotton,5.7,11.1,29.6,14-35-14
30.6,57.2,32.3,Black,Millets,43.3,1.1,4.2,Urea
30.3,54.9,43.2,Clayey,Paddy,42.5,4.8,5.7,Urea
23.5,53.9,24.5,Red,Ground Nuts,19.0,15.3,9.1,17-17-17
39.4,70.1,34.5,Black,Oil seeds,14.2,11.6,46.9,DAP
24.8,66.4,63.2,Loamy,Cotton,36.6,3.3,0.3,Urea
39.6,68.8,37.8,Clayey,Paddy,12.2,3.9,43.4,DAP
30.7,60.5,56.3,Loamy,Sugarcane,11.0,5.4,33.9,14-35-14
26.5,56.2,62.3,Red,Cotton,12.8,2.0,6.9,20-20
29.1,59.5,44.3,Black,Sugarcane,11.8,13.7,11.7,17-17-17
33.7,65.8,39.3,Red,Tobacco,7.9,1.1,37.3,DAP
28.2,51.9,47.5,Loamy,Wheat,24.5,1.7,20.5,28-28
33.9,66.1,34.9,Red,Tobacco,27.9,2.3,22.0,28-28
31.1,53.2,30.2,Black,Millets,37.8,1.3,0.6,Urea
34.0,68.3,64.4,Black,Cotton,5.0,11.8,33.5,14-35-14
27.9,54.6,37.9,Sandy,Maize,42.1,1.5,4.9,Urea
33.0,65.1,53.8,Loamy,Sugarcane,15.6,13.6,10.6,17-17-17
31.7,62.1,31.2,Clayey,Pulses,38.4,0.0,6.7,Urea
28.4,58.0,44.6,Clayey,Paddy,31.9,2.6,0.0,Urea
29.8,57.4,39.7,Black,Millets,44.0,1.5,0.3,Urea
31.1,53.8,33.5,Clayey,Pulses,14.8,1.0,12.9,20-20
35.9,67.1,33.0,Red,Tobacco,14.1,3.0,39.0,DAP
34.1,51.8,41.5,Sandy,Maize,22.8,2.4,19.3,28-28
30.8,65.9,50.4,Loamy,Wheat,42.8,2.2,1.4,Urea
34.6,70.7,34.2,Clayey,Paddy,15.8,5.2,40.1,DAP
32.7,59.7,64.8,Black,Cotton,42.6,1.8,3.7,Urea
24.6,50.5,33.0,Sandy,Ground Nuts,21.9,1.4,34.7,DAP
37.3,68.3,27.8,Sandy,Barley,11.9,3.7,40.9,14-35-14
28.0,51.5,42.0,Sandy,Millets,11.2,3.4,22.4,28-28
36.5,62.6,60.2,Red,Cotton,10.4,13.8,27.9,14-35-14
30.7,51.7,49.7,Loamy,Wheat,26.6,4.7,19.3,28-28
35.1,64.2,33.9,Red,Tobacco,12.7,1.5,40.3,DAP
29.3,51.6,43.9,Sandy,Maize,41.8,1.0,1.8,Urea
35.5,58.4,44.8,Black,Sugarcane,14.8,14.1,14.3,17-17-17
25.6,55.9,27.9,Sandy,Ground Nuts,19.9,0.2,33.3,DAP
27.7,53.3,56.2,Red,Cotton,8.7,2.2,15.2,20-20
24.6,53.1,31.6,Red,Ground Nuts,10.3,0.0,37.1,DAP
35.0,70.8,34.0,Clayey,Paddy,13.4,1.3,40.3,DAP
30.1,49.9,31.1,Sandy,Barley,16.1,9.6,14.8,17-17-17
24.7,66.8,67.9,Loamy,Cotton,41.0,3.4,3.8,Urea
28.1,52.1,36.8,Black,Millets,43.0,4.7,6.5,Urea
28.2,52.7,46.6,Clayey,Paddy,43.9,0.9,3.8,Urea
27.4,55.2,32.1,Sandy,Ground Nuts,14.2,3.9,40.6,DAP
33.0,62.9,51.2,Loamy,Sugarcane,11.3,14.4,11.8,17-17-17
31.4,52.7,45.5,Loamy,Wheat,22.0,2.9,21.6,28-28
31.1,52.5,31.4,Black,Millets,45.1,2.5,0.0,Urea
29.3,50.8,31.5,Red,Ground Nuts,11.8,1.5,45.2,DAP
31.4,63.1,28.9,Loamy,Sugarcane,38.4,1.5,2.3,Urea
29.8,64.2,34.6,Red,Tobacco,29.1,4.3,19.1,28-28
34.9,64.8,33.7,Clayey,Pulses,39.3,2.5,0.5,Urea
29.9,64.1,63.4,Loamy,Cotton,8.8,14.1,32.8,14-35-14
32.2,63.8,40.1,Clayey,Paddy,12.4,1.4,24.6,28-28
30.5,60.8,58.9,Red,Cotton,10.6,11.4,34.1,14-35-14
28.7,59.6,38.2,Sandy,Millets,16.4,3.7,21.6,28-28
32.5,67.5,27.8,Loamy,Sugarcane,17.5,0.8,40.1,DAP
36.2,70.5,32.9,Black,Oil seeds,9.8,5.7,38.1,DAP
33.6,63.0,38.2,Clayey,Paddy,15.8,2.5,22.2,28-28
24.9,54.7,56.9,Red,Cotton,14.8,1.2,9.1,20-20
30.4,64.0,40.6,Clayey,Paddy,12.4,3.3,20.1,28-28
33.2,67.1,27.9,Loamy,Sugarcane,16.2,0.8,37.7,DAP
28.0,51.2,40.5,Sandy,Millets,12.9,4.1,20.3,28-28
26.2,56.3,63.4,Red,Cotton,7.8,4.6,14.1,20-20
29.3,59.6,49.4,Clayey,Paddy,39.9,1.7,5.2,Urea
26.4,56.7,30.6,Black,Millets,39.4,2.1,3.3,Urea
35.1,68.3,61.8,Black,Cotton,8.4,11.5,25.9,14-35-14
34.9,70.4,41.2,Clayey,Paddy,9.7,3.1,44.0,DAP
25.5,52.6,25.4,Red,Ground Nuts,16.8,15.0,13.1,17-17-17
30.4,62.2,38.0,Red,Pulses,17.9,1.6,22.5,28-28
28.2,54.2,33.9,Sandy,Barley,14.5,13.3,11.1,17-17-17
33.9,66.9,37.9,Red,Tobacco,11.9,2.3,42.2,DAP
33.0,61.7,54.4,Loamy,Sugarcane,14.1,6.8,30.9,14-35-14
31.0,52.2,31.6,Black,Millets,38.0,3.7,1.1,Urea
29.5,53.9,50.8,Loamy,Wheat,10.7,1.9,35.4,DAP
39.1,68.8,38.0,Clayey,Paddy,13.7,0.7,36.6,DAP
33.8,62.0,38.7,Clayey,Paddy,16.8,2.5,22.6,28-28
31.0,51.2,50.8,Loamy,Wheat,12.3,0.9,42.2,DAP
33.8,66.1,64.9,Red,Cotton,11.5,14.2,33.5,14-35-14
28.9,59.8,33.1,Black,Millets,39.7,1.1,4.1,Urea
33.1,61.0,33.0,Red,Tobacco,24.1,0.3,22.5,28-28
23.9,50.7,27.0,Sandy,Ground Nuts,17.5,4.2,36.6,DAP
36.5,67.9,43.0,Clayey,Paddy,12.8,3.4,42.4,DAP
29.4,61.1,33.9,Black,Millets,38.2,4.0,5.1,Urea
32.4,56.2,43.5,Loamy,Wheat,19.8,3.3,17.3,28-28
36.7,73.4,27.0,Black,Oil seeds,8.8,9.4,42.0,DAP
26.8,56.3,61.4,Red,Cotton,10.5,2.3,12.6,20-20
33.2,53.2,41.4,Sandy,Millets,12.9,1.4,17.8,28-28
31.9,64.1,28.5,Loamy,Sugarcane,13.7,1.1,31.8,DAP
31.9,64.6,51.4,Black,Sugarcane,11.5,17.4,9.7,17-17-17
28.8,52.8,28.9,Sandy,Ground Nuts,19.6,0.8,35.7,DAP
26.6,53.4,30.3,Red,Ground Nuts,12.4,12.5,11.6,17-17-17
29.5,50.6,55.1,Red,Cotton,8.7,2.1,13.7,20-20
25.2,62.4,63.6,Loamy,Cotton,45.9,2.4,3.0,Urea
31.1,64.9,26.8,Loamy,Sugarcane,18.2,4.3,35.9,DAP
26.6,53.1,38.1,Red,Ground Nuts,12.6,0.0,40.2,DAP
28.7,50.6,29.2,Sandy,Ground Nuts,18.9,3.3,36.7,DAP
35.6,67.8,62.3,Black,Cotton,9.7,8.8,33.4,14-35-14
28.4,50.2,26.1,Sandy,Ground Nuts,13.4,2.9,36.8,DAP
32.8,66.7,29.7,Red,Tobacco,31.0,4.3,26.7,28-28
35.5,66.1,32.7,Red,Tobacco,20.0,3.7,23.3,28-28
35.9,69.9,35.6,Sandy,Barley,16.1,1.4,40.8,14-35-14
33.7,66.2,31.3,Clayey,Pulses,42.8,1.0,3.4,Urea
32.4,49.6,41.6,Sandy,Maize,30.4,4.3,24.9,28-28
33.5,52.7,39.1,Sandy,Millets,13.6,2.4,22.7,28-28
29.0,55.3,32.8,Clayey,Pulses,11.0,2.7,12.2,20-20
35.8,68.5,39.6,Clayey,Paddy,12.8,0.9,37.8,DAP
36.6,68.8,35.7,Clayey,Paddy,11.4,4.4,43.9,DAP
34.4,58.0,62.2,Loamy,Sugarcane,13.2,7.4,31.5,14-35-14
30.1,58.2,41.8,Black,Millets,37.9,2.3,5.0,Urea
33.8,60.3,31.4,Loamy,Sugarcane,40.0,2.2,2.8,Urea
36.9,71.4,37.5,Clayey,Paddy,14.2,1.9,44.3,DAP
30.8,54.0,41.6,Sandy,Maize,33.6,0.6,8.2,Urea
28.8,53.9,28.1,Red,Ground Nuts,20.6,15.5,11.9,17-17-17
30.3,56.2,28.9,Clayey,Pulses,14.3,5.1,12.5,20-20
26.4,66.5,63.7,Loamy,Cotton,39.5,1.9,0.9,Urea
29.2,56.4,49.8,Loamy,Wheat,29.0,0.0,22.2,28-28
32.3,62.5,26.1,Loamy,Sugarcane,18.2,0.7,37.9,DAP
30.4,59.2,32.1,Black,Millets,41.0,4.7,4.1,Urea
34.6,62.9,25.5,Loamy,Sugarcane,14.8,3.1,32.6,DAP
34.2,66.0,38.9,Red,Tobacco,7.3,1.1,34.3,DAP
27.6,51.6,46.4,Loamy,Wheat,15.0,1.5,34.2,DAP
26.2,55.2,49.7,Loamy,Wheat,20.7,3.6,20.4,28-28
24.7,51.7,35.1,Sandy,Barley,17.0,9.6,15.1,17-17-17
26.9,54.4,44.6,Loamy,Wheat,22.5,4.0,15.4,28-28
32.6,62.3,36.3,Clayey,Pulses,39.0,1.9,3.8,Urea
26.7,53.0,29.5,Clayey,Pulses,14.4,5.3,10.0,20-20
26.2,57.6,55.4,Red,Cotton,10.0,4.2,8.6,20-20
31.1,59.7,65.4,Loamy,Cotton,8.5,11.7,34.5,14-35-14
32.7,64.4,37.1,Red,Tobacco,30.5,3.7,28.1,28-28
30.1,56.3,40.9,Sandy,Maize,17.0,1.7,17.0,28-28
32.1,61.9,53.8,Loamy,Sugarcane,11.0,10.5,30.3,14-35-14
33.9,60.9,37.4,Red,Tobacco,30.8,0.9,25.2,28-28
26.7,48.2,30.6,Red,Ground Nuts,9.2,2.7,36.3,DAP
30.3,55.6,40.8,Black,Millets,41.0,4.3,5.1,Urea
34.7,58.8,40.9,Sandy,Millets,13.5,3.1,16.6,28-28
31.5,60.7,62.7,Loamy,Cotton,11.8,12.1,34.0,14-35-14
30.7,51.7,40.0,Sandy,Maize,40.6,2.3,6.5,Urea
34.0,54.0,61.6,Black,Cotton,42.2,5.0,5.3,Urea
28.7,67.0,32.1,Loamy,Sugarcane,12.5,1.0,43.2,DAP
32.2,59.3,37.5,Clayey,Pulses,40.5,2.4,0.8,Urea
31.6,59.3,48.2,Clayey,Paddy,34.4,1.3,0.3,Urea
30.2,52.9,34.5,Sandy,Maize,36.9,2.3,4.0,Urea
24.4,55.2,63.5,Red,Cotton,9.8,2.9,6.5,20-20
35.0,66.7,34.9,Sandy,Barley,10.8,4.6,39.1,14-35-14
31.1,65.0,33.8,Clayey,Pulses,41.5,2.3,2.0,Urea
29.5,56.4,66.7,Black,Cotton,37.1,1.6,2.9,Urea
36.6,69.3,43.1,Clayey,Paddy,12.4,2.1,37.6,DAP
24.6,64.2,61.0,Loamy,Cotton,36.3,0.0,1.3,Urea
23.9,56.1,26.3,Sandy,Ground Nuts,17.7,0.2,38.4,DAP
30.6,55.6,45.1,Sandy,Maize,26.2,1.5,19.0,28-28
36.6,65.6,43.4,Clayey,Paddy,11.8,3.1,45.9,DAP
31.6,52.7,34.3,Sandy,Maize,36.4,3.1,5.9,Urea
32.9,67.0,47.2,Loamy,Wheat,41.7,2.1,1.0,Urea
36.6,65.3,66.8,Black,Cotton,12.6,7.8,34.6,14-35-14
28.2,54.7,48.9,Loamy,Wheat,11.0,3.5,39.0,DAP
33.5,62.7,36.0,Red,Pulses,21.4,0.1,21.1,28-28
29.9,58.7,50.8,Black,Sugarcane,11.9,14.4,14.6,17-17-17
30.7,67.5,26.9,Loamy,Sugarcane,16.3,3.3,42.3,DAP
27.5,52.2,56.0,Loamy,Wheat,14.8,3.1,38.2,DAP
30.9,52.1,33.1,Clayey,Pulses,13.4,0.0,10.7,20-20
31.3,57.5,44.3,Loamy,Wheat,21.6,1.4,17.6,28-28
35.7,67.0,33.4,Loamy,Sugarcane,15.2,2.5,42.7,DAP
33.0,66.7,58.5,Red,Cotton,7.9,9.6,29.2,14-35-14
28.3,52.9,52.8,Loamy,Wheat,15.1,3.2,37.2,DAP
26.0,62.9,66.7,Loamy,Cotton,39.3,4.7,4.0,Urea
31.8,57.7,37.0,Sandy,Millets,12.1,5.0,21.2,28-28
26.1,51.5,32.0,Sandy,Barley,12.6,9.6,16.4,17-17-17
28.0,65.0,26.9,Loamy,Sugarcane,14.7,1.7,40.4,DAP
34.6,71.7,33.7,Sandy,Barley,13.0,3.7,39.2,14-35-14
29.8,63.8,51.1,Black,Sugarcane,12.8,13.6,10.6,17-17-17
24.3,58.1,60.1,Red,Cotton,9.5,3.1,14.4,20-20
30.2,52.3,37.3,Black,Millets,39.6,4.3,0.7,Urea
35.0,70.2,36.1,Red,Tobacco,13.4,0.7,43.0,DAP
28.4,57.4,42.0,Sandy,Millets,16.0,1.3,20.9,28-28
36.0,59.0,37.6,Sandy,Millets,12.2,4.2,18.5,28-28
35.5,63.6,57.1,Loamy,Sugarcane,14.4,7.3,29.3,14-35-14
30.8,54.1,41.1,Sandy,Millets,12.6,5.0,18.7,28-28
30.8,65.6,27.4,Loamy,Sugarcane,14.7,2.2,38.3,DAP
28.0,49.5,28.7,Red,Ground Nuts,12.2,2.5,40.4,DAP
30.9,59.6,33.0,Black,Millets,37.4,4.4,3.1,Urea
39.7,70.8,43.9,Clayey,Paddy,8.4,4.3,46.2,DAP
28.3,64.5,56.6,Loamy,Cotton,8.2,12.6,28.5,14-35-14
28.2,52.0,35.4,Black,Millets,45.0,4.6,1.5,Urea
32.9,57.1,39.2,Sandy,Maize,21.3,2.2,17.5,28-28
27.8,54.8,29.3,Red,Ground Nuts,17.5,19.1,12.7,17-17-17
32.7,67.6,56.0,Loamy,Sugarcane,12.9,14.9,15.4,17-17-17
34.2,65.6,45.1,Clayey,Paddy,15.1,0.4,22.0,28-28
27.5,61.6,62.7,Loamy,Sugarcane,10.1,10.4,34.7,14-35-14
28.3,52.4,28.6,Clayey,Pulses,12.5,1.2,11.3,20-20
25.5,56.4,28.6,Sandy,Ground Nuts,20.2,1.4,35.1,DAP
34.3,64.4,39.5,Clayey,Paddy,13.0,0.6,20.8,28-28
35.6,70.7,35.3,Sandy,Barley,9.6,4.1,37.3,14-35-14
33.2,55.9,38.3,Sandy,Millets,14.3,2.7,21.7,28-28
30.8,51.1,34.0,Sandy,Maize,32.7,3.2,4.4,Urea
32.4,60.1,55.9,Black,Sugarcane,12.8,13.3,15.4,17-17-17
36.7,71.0,34.0,Sandy,Barley,15.4,2.2,36.9,14-35-14
27.9,54.3,37.6,Red,Ground Nuts,13.8,4.7,37.8,DAP
36.9,68.7,38.3,Clayey,Paddy,12.3,4.6,45.7,DAP
36.0,69.2,30.9,Sandy,Barley,11.3,1.8,35.6,14-35-14
26.0,53.5,35.7,Sandy,Barley,15.1,12.8,13.7,17-17-17
31.0,58.0,45.4,Clayey,Paddy,35.9,4.6,0.0,Urea
29.8,53.4,37.6,Sandy,Maize,43.8,3.6,5.8,Urea
26.9,52.6,37.2,Sandy,Barley,16.5,9.8,10.5,17-17-17
33.8,64.7,34.1,Loamy,Sugarcane,40.7,1.2,5.7,Urea
30.2,54.8,63.1,Black,Cotton,43.3,3.7,0.9,Urea
25.1,51.3,56.8,Red,Cotton,9.3,3.3,9.6,20-20
27.4,58.3,60.8,Red,Cotton,14.5,2.9,12.3,20-20
31.4,59.0,56.5,Loamy,Cotton,9.4,11.6,35.8,14-35-14
27.6,58.1,61.5,Loamy,Cotton,10.2,11.1,34.6,14-35-14
31.8,64.8,39.7,Clayey,Pulses,40.2,2.5,0.3,Urea
31.6,53.9,33.6,Black,Millets,43.3,2.7,1.2,Urea
28.4,51.6,38.8,Sandy,Barley,14.2,13.4,15.0,17-17-17
27.2,55.0,66.7,Black,Cotton,38.7,2.9,1.4,Urea
27.0,54.2,34.7,Red,Ground Nuts,14.9,3.2,40.0,DAP
33.3,57.7,40.0,Sandy,Maize,28.6,3.7,22.2,28-28
32.1,63.9,38.3,Clayey,Pulses,40.8,2.1,1.6,Urea
29.8,48.5,25.5,Red,Ground Nuts,20.8,15.4,11.4,17-17-17
27.6,51.9,26.5,Clayey,Pulses,11.5,5.0,10.6,20-20
32.7,64.5,47.8,Clayey,Paddy,17.2,0.6,20.5,28-28
28.7,53.4,48.7,Clayey,Paddy,33.0,0.7,1.8,Urea
31.8,64.0,57.0,Loamy,Cotton,5.7,12.1,35.2,14-35-14
26.5,55.2,31.9,Sandy,Ground Nuts,20.7,0.9,42.3,DAP
32.2,49.9,43.8,Sandy,Maize,29.3,4.6,16.6,28-28
23.8,67.5,63.9,Loamy,Cotton,37.4,2.3,6.0,Urea
29.0,53.8,44.4,Loamy,Wheat,24.2,1.5,22.4,28-28
31.6,50.0,40.3,Sandy,Millets,9.3,3.1,19.0,28-28
30.0,68.6,37.2,Red,Tobacco,21.5,3.4,18.6,28-28
32.5,63.9,29.6,Red,Tobacco,25.0,0.3,24.1,28-28
36.5,67.2,61.0,Black,Cotton,8.9,7.9,32.5,14-35-14
32.2,61.9,52.9,Loamy,Sugarcane,11.1,16.3,13.0,17-17-17
30.2,55.6,41.7,Sandy,Maize,29.4,3.8,20.5,28-28
31.3,66.4,31.9,Clayey,Pulses,38.4,0.9,1.7,Urea
32.3,64.6,48.9,Black,Sugarcane,13.4,14.7,12.3,17-17-17
36.6,60.1,58.3,Red,Cotton,12.7,11.4,31.1,14-35-14
32.4,63.7,46.8,Loamy,Wheat,41.7,2.1,4.3,Urea
28.6,54.0,39.5,Sandy,Barley,12.7,8.2,12.5,17-17-17
27.9,63.5,57.3,Loamy,Sugarcane,10.4,7.0,34.3,14-35-14
36.2,65.0,31.0,Red,Tobacco,9.1,2.9,34.7,DAP
35.3,69.7,36.6,Black,Oil seeds,12.6,7.6,39.4,DAP
27.2,54.2,38.5,Black,Millets,44.2,4.7,3.4,Urea
30.9,61.9,43.3,Clayey,Paddy,13.1,3.5,21.0,28-28
35.6,69.8,34.3,Sandy,Barley,13.6,3.6,42.1,14-35-14
37.2,71.1,37.4,Clayey,Paddy,16.9,1.5,41.1,DAP
26.3,62.6,65.4,Loamy,Cotton,6.9,11.5,35.2,14-35-14
30.2,59.4,45.5,Clayey,Paddy,42.3,5.5,4.7,Urea
32.4,64.0,39.7,Clayey,Paddy,15.3,2.1,20.0,28-28
39.7,68.9,32.2,Red,Tobacco,11.3,1.4,36.3,DAP
31.2,61.5,40.6,Clayey,Paddy,16.5,0.9,22.6,28-28
24.5,66.9,65.5,Loamy,Cotton,39.8,3.7,3.5,Urea
27.9,57.4,24.2,Clayey,Pulses,13.0,2.6,14.0,20-20
32.7,63.9,51.0,Loamy,Sugarcane,13.4,14.9,15.5,17-17-17
29.0,51.9,33.3,Sandy,Maize,37.1,1.7,3.1,Urea
26.5,63.2,67.4,Loamy,Cotton,38.9,4.2,6.1,Urea
29.6,57.5,57.8,Red,Cotton,13.7,2.6,13.9,20-20
28.6,53.7,34.5,Black,Millets,40.9,0.1,5.5,Urea
36.8,66.3,56.5,Loamy,Sugarcane,13.3,14.2,12.5,17-17-17
26.8,56.4,63.7,Red,Cotton,7.5,4.7,9.2,20-20
33.5,55.3,36.5,Sandy,Maize,22.9,2.2,22.1,28-28
30.7,53.8,30.2,Clayey,Pulses,10.9,2.9,11.0,20-20
34.4,61.0,55.8,Black,Sugarcane,8.5,14.1,10.7,17-17-17
26.0,51.9,54.4,Red,Cotton,12.1,0.8,14.0,20-20
31.8,61.5,39.9,Clayey,Paddy,15.7,0.3,18.0,28-28
32.9,65.9,28.3,Loamy,Sugarcane,15.5,1.6,45.1,DAP
25.0,51.4,38.6,Sandy,Barley,19.1,11.3,10.6,17-17-17
27.3,56.9,48.3,Loamy,Wheat,24.9,1.2,18.1,28-28
30.6,63.7,48.1,Loamy,Wheat,44.7,0.1,0.0,Urea
33.9,67.6,57.8,Black,Cotton,11.0,12.6,30.6,14-35-14
31.3,60.0,45.8,Clayey,Paddy,41.6,3.0,4.4,Urea
26.9,51.5,30.7,Red,Ground Nuts,14.6,17.3,13.9,17-17-17
35.8,64.1,57.1,Red,Cotton,11.2,11.8,26.2,14-35-14
27.7,59.1,45.4,Clayey,Paddy,39.4,0.8,1.6,Urea
27.8,56.5,30.9,Clayey,Pulses,10.9,2.8,13.5,20-20
29.4,51.9,40.0,Sandy,Millets,9.7,2.7,15.6,28-28
34.5,63.0,38.3,Clayey,Pulses,41.4,4.1,6.3,Urea
28.8,59.3,38.9,Black,Millets,34.5,1.3,3.4,Urea
30.9,54.8,34.2,Sandy,Ground Nuts,19.5,0.0,42.2,DAP
30.7,51.3,50.3,Loamy,Wheat,11.2,1.6,42.0,DAP
30.4,62.7,61.9,Red,Cotton,9.0,9.3,27.3,14-35-14
33.5,64.9,65.0,Black,Cotton,9.5,11.8,36.2,14-35-14
28.5,66.6,25.3,Loamy,Sugarcane,16.2,3.3,33.6,DAP
26.6,59.4,67.0,Black,Cotton,39.6,0.0,3.5,Urea
35.7,68.6,38.2,Clayey,Paddy,13.0,0.0,40.3,DAP
30.1,62.7,37.2,Red,Tobacco,27.2,4.1,26.3,28-28
34.4,60.8,44.6,Clayey,Paddy,16.5,1.5,20.0,28-28
36.7,64.1,37.2,Red,Pulses,26.8,1.1,24.5,28-28
35.4,63.8,32.4,Loamy,Sugarcane,14.4,4.0,34.8,DAP
26.5,53.6,31.1,Sandy,Barley,18.0,14.3,16.7,17-17-17
32.8,52.3,53.8,Loamy,Wheat,15.0,1.1,39.9,DAP
25.3,55.3,28.8,Red,Ground Nuts,18.6,17.5,9.9,17-17-17
32.2,54.8,52.0,Loamy,Wheat,13.4,2.5,39.0,DAP
25.9,63.1,60.5,Loamy,Cotton,41.0,1.3,0.0,Urea
26.7,63.8,64.6,Loamy,Cotton,8.4,12.5,33.6,14-35-14
36.8,69.8,32.5,Sandy,Barley,12.5,3.3,39.5,14-35-14
36.2,68.7,37.0,Clayey,Paddy,12.4,4.5,44.9,DAP
26.8,54.6,35.4,Red,Ground Nuts,13.6,1.5,45.5,DAP
32.5,56.7,65.8,Black,Cotton,41.4,4.9,2.4,Urea
34.2,61.8,34.7,Red,Pulses,22.6,3.0,26.4,28-28
29.6,55.0,42.3,Sandy,Maize,35.6,2.6,8.2,Urea
25.9,54.6,68.5,Black,Cotton,40.6,0.0,1.0,Urea
33.5,68.3,62.3,Black,Cotton,8.9,9.9,33.8,14-35-14
36.3,69.3,32.4,Black,Oil seeds,13.1,5.8,42.8,DAP
27.6,53.5,41.0,Clayey,Paddy,39.5,5.1,3.7,Urea
36.3,70.5,40.0,Red,Tobacco,10.1,2.1,34.0,DAP
28.6,58.5,69.0,Black,Cotton,42.2,0.2,5.1,Urea
31.9,59.7,36.6,Sandy,Millets,9.7,4.8,18.0,28-28
38.2,71.3,36.4,Black,Oil seeds,10.2,7.4,42.7,DAP
32.9,62.0,38.5,Red,Tobacco,31.4,0.4,17.8,28-28
35.1,65.5,30.8,Red,Pulses,25.6,1.9,19.1,28-28
35.9,69.8,36.0,Clayey,Paddy,9.9,0.6,36.9,DAP
34.9,63.6,34.5,Loamy,Sugarcane,37.8,3.0,4.6,Urea
31.2,54.4,46.9,Clayey,Paddy,36.2,2.4,4.8,Urea
29.3,52.2,25.5,Red,Ground Nuts,15.8,14.0,12.0,17-17-17
31.6,63.4,65.4,Loamy,Cotton,10.3,8.1,30.4,14-35-14
31.5,60.9,35.1,Loamy,Sugarcane,39.0,0.8,3.9,Urea
38.5,69.8,34.5,Black,Oil seeds,13.4,9.0,38.6,DAP
34.7,70.5,43.3,Clayey,Paddy,15.5,2.4,39.6,DAP
28.0,67.5,34.4,Loamy,Sugarcane,11.2,3.3,35.2,DAP
28.3,65.3,60.5,Loamy,Sugarcane,12.6,6.7,28.6,14-35-14
35.0,62.1,47.4,Black,Sugarcane,12.6,14.2,11.7,17-17-17
33.4,70.2,34.7,Red,Tobacco,11.2,4.7,38.5,DAP
38.5,66.9,37.2,Clayey,Paddy,14.2,5.7,45.8,DAP
27.7,52.3,41.9,Sandy,Maize,31.1,3.1,5.4,Urea
34.3,62.4,48.3,Clayey,Paddy,16.2,0.0,21.7,28-28
39.6,68.6,34.2,Black,Oil seeds,11.5,11.1,43.8,DAP
27.1,58.0,30.9,Clayey,Pulses,10.6,0.2,9.3,20-20
29.9,52.6,42.1,Sandy,Maize,35.2,1.5,4.9,Urea
30.4,65.4,58.5,Loamy,Sugarcane,14.3,7.1,29.2,14-35-14
28.9,50.6,55.7,Red,Cotton,10.7,3.9,10.5,20-20
35.8,60.3,55.3,Loamy,Sugarcane,10.4,9.8,32.0,14-35-14
25.8,57.1,48.3,Loamy,Wheat,26.1,3.3,18.0,28-28
29.1,51.7,30.9,Sandy,Ground Nuts,17.7,2.0,33.8,DAP
35.0,60.6,57.4,Loamy,Sugarcane,10.9,6.2,27.5,14-35-14
36.7,67.4,40.3,Clayey,Paddy,14.9,1.2,38.2,DAP
30.0,53.8,26.1,Clayey,Pulses,12.3,2.6,8.1,20-20
30.4,65.2,34.8,Clayey,Pulses,38.0,3.4,3.5,Urea
30.0,53.0,38.8,Sandy,Maize,19.4,2.0,17.6,28-28
34.2,61.4,29.1,Red,Tobacco,25.7,4.0,18.6,28-28
30.4,55.1,69.3,Black,Cotton,44.5,0.3,6.2,Urea
33.8,63.5,33.9,Clayey,Pulses,42.3,4.1,0.0,Urea
34.5,68.2,33.9,Clayey,Paddy,15.3,0.7,42.0,DAP
34.5,67.7,31.6,Red,Pulses,26.8,4.2,22.8,28-28
27.8,49.3,33.6,Sandy,Barley,15.8,9.8,13.2,17-17-17
28.0,56.9,61.5,Black,Cotton,39.6,2.2,5.8,Urea
31.2,65.6,32.6,Red,Tobacco,23.5,1.5,18.4,28-28
26.5,49.0,25.8,Sandy,Ground Nuts,14.2,4.6,42.1,DAP
31.3,53.1,30.6,Black,Millets,40.3,4.4,3.9,Urea
33.5,66.3,63.3,Red,Cotton,12.4,9.5,35.4,14-35-14
24.7,61.8,64.3,Loamy,Cotton,31.9,4.9,0.0,Urea
34.1,54.2,67.4,Black,Cotton,41.2,2.4,3.5,Urea
33.5,63.5,59.2,Black,Cotton,12.1,11.9,32.0,14-35-14
25.6,56.4,25.1,Clayey,Pulses,13.7,5.3,12.1,20-20
34.2,70.0,35.2,Red,Tobacco,10.4,2.6,37.4,DAP
30.5,62.9,52.2,Loamy,Wheat,42.4,4.6,5.5,Urea
26.8,60.5,33.6,Black,Millets,37.7,4.5,2.8,Urea
32.6,65.7,50.8,Loamy,Wheat,37.2,3.1,3.5,Urea
28.8,55.8,41.5,Sandy,Millets,14.4,1.6,19.9,28-28
34.1,63.7,55.6,Black,Sugarcane,9.9,13.6,12.9,17-17-17
32.7,59.9,31.4,Loamy,Sugarcane,40.2,4.0,1.7,Urea
32.4,50.9,38.7,Sandy,Maize,18.9,3.2,21.3,28-28
29.2,55.5,30.8,Red,Ground Nuts,12.1,3.7,35.4,DAP
32.1,64.5,45.5,Clayey,Paddy,14.8,4.2,25.0,28-28
30.2,53.4,29.9,Clayey,Pulses,14.4,0.1,16.6,20-20
35.3,70.7,30.4,Black,Oil seeds,10.4,6.6,35.7,DAP
35.7,59.8,45.9,Black,Sugarcane,11.8,15.4,15.6,17-17-17
28.4,64.4,63.3,Loamy,Cotton,9.4,8.9,33.0,14-35-14
27.7,53.1,33.7,Black,Millets,42.2,2.0,5.4,Urea
27.9,64.6,59.7,Loamy,Sugarcane,10.8,8.0,35.4,14-35-14
33.8,52.2,44.8,Loamy,Wheat,28.4,3.2,21.9,28-28
35.8,65.4,30.8,Loamy,Sugarcane,17.0,4.4,37.5,DAP
32.5,53.6,52.6,Loamy,Wheat,12.9,2.5,32.1,DAP
25.3,55.1,36.7,Sandy,Barley,11.9,9.3,14.5,17-17-17
27.6,53.7,39.4,Clayey,Paddy,42.8,0.3,0.6,Urea
25.6,54.0,34.1,Sandy,Barley,13.8,12.6,14.0,17-17-17
35.9,66.9,41.5,Clayey,Paddy,16.7,2.9,44.0,DAP
31.1,57.1,30.8,Clayey,Pulses,13.6,2.6,10.4,20-20
32.8,70.5,31.6,Red,Tobacco,12.7,1.1,40.4,DAP
25.9,62.3,61.7,Loamy,Cotton,34.3,3.1,1.0,Urea
36.3,68.6,44.3,Clayey,Paddy,11.3,3.5,39.9,DAP
33.5,64.9,30.4,Loamy,Sugarcane,17.1,1.8,35.0,DAP
30.3,60.2,41.3,Clayey,Paddy,11.5,4.0,23.0,28-28
35.4,67.8,59.3,Black,Cotton,9.0,10.5,34.2,14-35-14
29.6,55.5,33.5,Sandy,Ground Nuts,21.1,1.6,34.7,DAP
30.7,62.9,47.2,Black,Sugarcane,15.8,11.9,15.2,17-17-17
39.5,68.9,39.6,Clayey,Paddy,15.2,0.4,37.9,DAP
28.8,58.7,56.1,Loamy,Cotton,7.4,9.4,31.1,14-35-14
31.8,58.0,44.7,Sandy,Millets,11.6,1.8,16.2,28-28
30.3,57.0,37.3,Black,Millets,37.7,2.5,7.0,Urea
28.4,58.2,33.4,Clayey,Pulses,12.4,0.8,15.9,20-20
31.9,63.6,52.7,Loamy,Sugarcane,14.0,13.0,13.3,17-17-17
31.9,60.5,42.4,Clayey,Paddy,40.4,4.6,1.7,Urea
31.1,62.9,29.7,Loamy,Sugarcane,39.1,4.1,1.1,Urea
29.9,57.2,56.0,Red,Cotton,9.7,0.0,10.7,20-20
28.9,50.5,40.4,Sandy,Barley,15.0,8.9,13.7,17-17-17
31.5,53.6,38.5,Sandy,Maize,35.2,0.9,4.2,Urea
37.0,61.9,35.0,Red,Pulses,24.3,0.9,22.6,28-28
38.9,67.3,42.6,Clayey,Paddy,12.2,1.9,42.4,DAP
26.4,55.3,35.4,Black,Millets,37.2,2.4,6.5,Urea
36.2,67.5,40.0,Red,Pulses,19.3,2.7,25.2,28-28
36.0,68.9,31.4,Sandy,Barley,10.4,2.6,32.4,14-35-14
32.0,58.6,46.0,Black,Sugarcane,15.6,16.2,14.4,17-17-17
27.0,58.0,61.6,Black,Cotton,35.2,4.3,5.3,Urea
34.9,60.9,33.2,Red,Pulses,19.1,2.2,17.6,28-28
27.7,50.5,29.4,Red,Ground Nuts,15.0,16.0,14.1,17-17-17
37.5,65.8,53.5,Loamy,Sugarcane,11.0,15.0,15.1,17-17-17
33.9,67.4,32.1,Sandy,Barley,10.3,1.0,43.1,14-35-14
35.4,64.2,48.6,Loamy,Wheat,35.6,3.3,2.8,Urea
32.8,62.7,26.4,Loamy,Sugarcane,12.1,3.5,34.0,DAP
32.8,62.7,32.0,Red,Tobacco,28.2,0.5,28.2,28-28
29.3,55.5,26.5,Red,Ground Nuts,20.6,15.7,7.6,17-17-17
27.1,54.1,24.8,Red,Ground Nuts,19.5,15.9,13.6,17-17-17
32.5,62.7,24.6,Loamy,Sugarcane,12.8,2.8,41.9,DAP
31.7,64.2,65.3,Black,Cotton,7.3,9.5,35.7,14-35-14
30.7,57.7,63.9,Loamy,Cotton,10.2,8.6,36.7,14-35-14
29.4,57.1,40.2,Sandy,Millets,14.4,2.2,19.4,28-28
28.6,53.9,33.6,Black,Millets,38.4,1.3,5.4,Urea
29.7,56.6,31.3,Sandy,Barley,13.3,13.8,17.3,17-17-17
36.8,64.8,63.1,Black,Cotton,6.3,14.5,27.8,14-35-14
33.8,67.9,37.3,Red,Pulses,20.3,4.7,26.9,28-28
36.1,65.6,32.5,Loamy,Sugarcane,36.3,3.7,3.4,Urea
33.0,58.9,55.9,Loamy,Sugarcane,14.3,7.5,31.0,14-35-14
25.0,52.0,34.1,Red,Ground Nuts,13.0,3.3,42.2,DAP
30.7,59.2,66.1,Black,Cotton,37.5,0.0,4.0,Urea
27.6,51.1,24.5,Red,Ground Nuts,15.8,13.5,9.1,17-17-17
29.6,52.0,38.3,Black,Millets,39.8,4.3,2.9,Urea
31.0,65.9,59.5,Red,Cotton,10.7,8.8,34.8,14-35-14
31.4,67.6,50.7,Loamy,Wheat,37.1,3.5,2.7,Urea
38.7,68.4,40.3,Clayey,Paddy,10.0,0.3,39.7,DAP
25.7,51.6,33.5,Sandy,Ground Nuts,11.9,0.8,39.6,DAP
29.5,55.8,38.7,Sandy,Barley,13.6,14.7,12.9,17-17-17
26.6,62.1,62.2,Loamy,Cotton,35.5,2.1,0.6,Urea
32.6,61.6,32.4,Red,Pulses,25.1,3.8,23.8,28-28
23.3,53.7,24.5,Sandy,Ground Nuts,11.6,1.9,43.5,DAP
28.5,51.8,36.7,Sandy,Barley,17.9,11.0,15.0,17-17-17
31.0,65.2,42.3,Clayey,Paddy,15.7,2.2,17.7,28-28
36.2,65.7,66.2,Black,Cotton,9.5,12.7,29.5,14-35-14
27.1,59.8,65.1,Loamy,Cotton,5.7,11.9,29.9,14-35-14
33.7,70.3,35.7,Red,Tobacco,10.1,2.5,40.8,DAP
35.4,66.2,40.1,Red,Pulses,25.6,1.7,19.8,28-28
30.1,53.9,40.9,Clayey,Paddy,39.6,4.5,4.2,Urea
31.6,59.4,65.8,Red,Cotton,12.9,8.4,28.5,14-35-14
29.8,65.1,62.7,Loamy,Sugarcane,12.4,6.3,33.1,14-35-14
33.5,65.3,32.0,Red,Tobacco,22.4,0.8,21.6,28-28
27.9,52.2,36.2,Red,Ground Nuts,12.1,1.5,37.2,DAP
27.0,60.4,49.3,Black,Sugarcane,12.9,16.8,13.4,17-17-17
27.3,47.5,29.9,Red,Ground Nuts,18.4,16.6,13.5,17-17-17
36.1,67.3,38.5,Red,Tobacco,10.7,3.3,36.1,DAP
39.5,67.4,36.0,Clayey,Paddy,13.5,2.3,42.3,DAP
34.0,54.3,40.2,Sandy,Millets,17.2,2.5,14.0,28-28
29.2,52.4,37.4,Black,Millets,41.4,4.6,0.6,Urea
28.3,59.2,40.9,Black,Millets,43.0,2.3,3.8,Urea
30.2,54.1,32.5,Clayey,Pulses,14.7,0.0,16.1,20-20
26.3,52.6,30.5,Red,Ground Nuts,14.7,17.6,11.7,17-17-17
31.2,61.4,29.5,Clayey,Pulses,37.5,4.8,1.9,Urea
34.9,71.2,36.5,Clayey,Paddy,17.3,4.8,40.6,DAP
32.0,60.5,43.6,Sandy,Millets,19.9,1.8,22.2,28-28
36.7,67.6,57.3,Red,Cotton,10.7,7.4,32.8,14-35-14
36.1,62.9,31.8,Loamy,Sugarcane,18.0,2.3,34.6,DAP
30.0,65.0,45.6,Black,Sugarcane,11.7,14.0,16.1,17-17-17
27.2,54.5,33.5,Red,Ground Nuts,11.9,3.0,38.3,DAP
23.1,54.8,26.9,Red,Ground Nuts,16.1,16.1,12.4,17-17-17
28.7,50.4,42.4,Sandy,Maize,30.4,1.2,0.0,Urea
33.9,62.6,49.5,Loamy,Sugarcane,10.0,17.8,13.3,17-17-17
37.3,68.0,33.0,Red,Tobacco,10.5,3.6,37.3,DAP
28.4,61.3,54.2,Black,Sugarcane,11.1,12.9,12.0,17-17-17
28.6,55.9,40.8,Sandy,Maize,21.1,1.4,23.6,28-28
28.0,55.0,44.2,Sandy,Millets,18.3,4.9,16.2,28-28
29.9,51.8,50.2,Loamy,Wheat,20.3,1.3,19.2,28-28
27.2,52.6,63.0,Red,Cotton,13.1,2.8,9.7,20-20
37.7,72.5,29.0,Sandy,Barley,11.6,5.9,41.8,14-35-14
28.7,52.6,63.0,Red,Cotton,9.1,1.2,13.0,20-20
37.0,70.7,31.6,Black,Oil seeds,8.5,10.9,45.8,DAP
30.6,66.0,35.8,Red,Tobacco,26.0,3.6,26.0,28-28
27.1,50.0,34.2,Sandy,Barley,17.9,13.8,9.9,17-17-17
28.5,57.4,60.8,Black,Cotton,43.5,0.6,1.5,Urea
36.7,69.1,34.2,Red,Tobacco,8.7,3.3,40.0,DAP
31.7,63.4,60.0,Black,Cotton,8.3,9.1,28.2,14-35-14
26.4,59.4,64.1,Loamy,Cotton,6.4,10.8,29.6,14-35-14
24.0,49.3,32.6,Sandy,Ground Nuts,13.0,1.9,39.5,DAP
34.5,59.9,40.8,Clayey,Pulses,39.9,0.3,1.0,Urea
33.0,67.8,28.2,Red,Tobacco,21.9,4.0,27.2,28-28
31.7,64.0,32.5,Clayey,Pulses,41.8,4.6,0.6,Urea
27.1,53.6,58.1,Red,Cotton,8.0,3.0,13.5,20-20
36.6,68.1,49.9,Loamy,Sugarcane,14.1,17.3,13.3,17-17-17
30.8,51.3,51.1,Loamy,Wheat,12.6,0.5,31.1,DAP
31.2,60.9,36.2,Red,Tobacco,19.6,0.0,18.8,28-28
27.5,54.5,30.9,Sandy,Ground Nuts,13.6,0.5,43.9,DAP
28.4,56.0,44.2,Sandy,Millets,15.1,1.9,21.1,28-28
29.0,62.1,65.1,Loamy,Cotton,10.5,12.6,34.6,14-35-14
32.8,61.0,60.9,Loamy,Sugarcane,10.4,11.4,30.4,14-35-14
35.4,61.7,30.1,Red,Pulses,25.7,0.4,21.4,28-28
32.4,65.8,65.1,Red,Cotton,8.3,12.4,33.5,14-35-14
33.3,62.2,32.3,Loamy,Sugarcane,41.2,0.3,5.4,Urea
37.8,71.7,34.4,Clayey,Paddy,15.3,0.6,40.6,DAP
27.8,59.4,59.1,Loamy,Cotton,9.9,9.2,28.2,14-35-14
36.7,71.0,30.4,Red,Tobacco,8.3,4.4,37.4,DAP
29.5,52.8,34.6,Black,Millets,36.9,1.0,5.4,Urea
34.3,56.2,36.4,Sandy,Millets,15.1,4.8,16.6,28-28
27.6,56.5,43.9,Loamy,Wheat,26.1,3.0,19.0,28-28
27.4,55.2,42.1,Black,Millets,36.6,4.7,2.2,Urea
33.5,59.0,58.0,Red,Cotton,12.6,13.4,33.7,14-35-14
35.3,60.3,59.9,Loamy,Sugarcane,12.1,10.1,33.6,14-35-14
26.5,60.6,57.3,Loamy,Cotton,8.2,8.5,33.9,14-35-14
37.7,72.1,29.3,Sandy,Barley,10.0,1.7,35.2,14-35-14
31.2,63.7,47.6,Black,Sugarcane,10.7,10.8,11.1,17-17-17
23.9,50.2,35.1,Red,Ground Nuts,11.8,2.6,39.9,DAP
33.0,62.4,55.3,Loamy,Sugarcane,15.0,13.4,12.4,17-17-17
35.8,57.9,41.7,Sandy,Millets,18.6,3.2,20.7,28-28
34.6,61.4,42.9,Clayey,Paddy,12.2,3.5,23.9,28-28
30.0,57.2,31.8,Black,Millets,44.9,2.4,3.5,Urea
35.5,66.8,27.9,Sandy,Barley,15.9,1.1,39.3,14-35-14
31.2,60.6,38.4,Clayey,Pulses,39.1,0.0,1.6,Urea
36.4,64.5,46.0,Loamy,Wheat,44.6,4.5,2.9,Urea
31.7,66.5,44.4,Loamy,Wheat,40.9,3.0,3.4,Urea
35.0,70.3,37.9,Red,Tobacco,7.8,4.6,36.3,DAP
31.4,52.9,51.6,Loamy,Wheat,26.0,1.5,22.8,28-28
29.7,53.5,41.6,Sandy,Maize,30.7,3.7,5.5,Urea
26.7,55.5,38.6,Black,Millets,42.2,1.0,5.2,Urea
35.9,69.3,32.3,Sandy,Barley,10.3,0.7,42.7,14-35-14
29.9,56.3,31.6,Clayey,Pulses,16.1,3.9,12.9,20-20
28.4,48.9,32.5,Sandy,Ground Nuts,20.2,0.7,39.4,DAP
24.9,52.2,62.2,Red,Cotton,12.0,5.5,10.7,20-20
37.2,60.9,32.9,Red,Pulses,25.2,0.0,20.6,28-28
29.8,65.1,56.9,Black,Sugarcane,12.9,14.8,11.8,17-17-17
31.3,49.8,49.9,Loamy,Wheat,22.3,0.8,18.4,28-28
37.8,70.0,37.2,Red,Tobacco,10.5,0.6,37.3,DAP
28.4,51.7,28.5,Clayey,Pulses,10.3,2.7,11.2,20-20
37.2,70.8,30.1,Sandy,Barley,16.7,3.6,35.8,14-35-14
34.2,60.2,59.2,Loamy,Sugarcane,8.8,8.9,36.3,14-35-14
24.6,54.3,31.2,Sandy,Barley,10.6,12.5,10.5,17-17-17
29.5,56.2,33.9,Sandy,Maize,41.2,4.8,3.5,Urea
32.1,55.6,41.2,Clayey,Paddy,34.2,3.7,1.7,Urea
26.6,52.8,55.5,Red,Cotton,13.8,0.5,9.6,20-20
27.3,55.0,36.2,Black,Millets,37.4,1.2,5.1,Urea
31.5,66.9,31.5,Red,Tobacco,28.8,0.4,26.7,28-28
27.7,53.0,31.9,Red,Ground Nuts,17.0,16.4,15.0,17-17-17
38.7,70.2,34.7,Red,Tobacco,13.1,5.8,39.8,DAP
26.1,64.3,65.4,Loamy,Cotton,37.0,3.5,5.2,Urea
31.0,65.4,50.6,Black,Sugarcane,14.5,16.7,12.3,17-17-17
29.6,51.7,29.0,Red,Ground Nuts,9.7,3.2,44.3,DAP
30.1,65.5,56.8,Loamy,Sugarcane,14.3,6.0,31.7,14-35-14
36.0,61.6,59.5,Red,Cotton,12.3,10.8,31.6,14-35-14
25.7,52.2,29.6,Red,Ground Nuts,13.0,0.6,40.6,DAP
36.4,66.0,35.0,Red,Tobacco,12.8,1.3,38.0,DAP
30.9,51.5,47.1,Loamy,Wheat,15.2,5.3,35.1,DAP
28.8,64.2,54.4,Loamy,Sugarcane,11.0,8.1,29.8,14-35-14
29.5,59.0,44.7,Clayey,Paddy,34.4,2.4,1.2,Urea
26.0,52.8,30.7,Red,Ground Nuts,18.0,14.9,14.8,17-17-17
28.5,54.6,33.9,Black,Millets,44.6,1.1,4.0,Urea
33.3,63.1,48.5,Loamy,Sugarcane,12.9,14.7,14.5,17-17-17
34.5,64.4,61.2,Loamy,Sugarcane,12.0,8.9,29.1,14-35-14
32.9,66.9,35.2,Red,Tobacco,20.7,3.4,22.9,28-28
28.4,53.6,37.8,Red,Ground Nuts,14.8,0.2,44.6,DAP
32.7,62.9,39.1,Red,Pulses,19.5,3.2,23.8,28-28
28.7,51.0,35.9,Red,Ground Nuts,9.5,1.3,36.3,DAP
36.3,71.5,33.8,Red,Tobacco,12.5,1.0,39.4,DAP
36.6,59.2,63.9,Red,Cotton,13.3,12.6,32.8,14-35-14
35.3,68.3,35.1,Clayey,Paddy,13.8,2.4,44.0,DAP
30.2,59.3,61.7,Loamy,Sugarcane,14.9,8.7,34.4,14-35-14
29.2,59.9,66.0,Black,Cotton,40.9,2.8,0.0,Urea
33.0,62.5,30.8,Loamy,Sugarcane,39.1,2.4,2.6,Urea
28.9,58.1,39.9,Clayey,Paddy,41.5,1.9,5.1,Urea
31.4,62.1,30.0,Loamy,Sugarcane,39.7,3.1,3.8,Urea
38.7,72.1,35.4,Black,Oil seeds,13.3,9.6,36.7,DAP
28.6,51.9,25.3,Red,Ground Nuts,19.2,16.3,15.3,17-17-17
27.3,54.6,36.5,Black,Millets,43.2,5.0,0.8,Urea
34.2,64.3,28.0,Loamy,Sugarcane,10.8,0.5,41.2,DAP
32.0,62.2,63.2,Black,Cotton,10.8,13.8,26.2,14-35-14
33.6,64.9,29.0,Loamy,Sugarcane,37.6,3.6,3.1,Urea
31.6,58.6,41.0,Black,Millets,40.2,0.5,4.0,Urea
30.9,62.0,40.3,Clayey,Paddy,16.9,3.7,17.6,28-28
36.8,67.4,58.2,Red,Cotton,10.2,12.6,27.1,14-35-14
30.8,61.9,65.5,Loamy,Cotton,10.9,9.9,29.9,14-35-14
28.7,50.8,39.9,Sandy,Maize,41.4,1.9,2.7,Urea
32.8,57.9,61.3,Black,Cotton,36.8,4.8,4.6,Urea
30.6,61.3,28.3,Loamy,Sugarcane,41.3,3.9,1.6,Urea
26.3,53.7,27.9,Red,Ground Nuts,19.0,18.0,11.0,17-17-17
30.6,63.5,39.6,Clayey,Paddy,16.7,4.8,18.0,28-28
35.3,60.8,37.3,Clayey,Pulses,39.0,1.3,1.4,Urea
34.5,61.0,33.9,Clayey,Pulses,43.1,2.9,2.4,Urea
35.8,66.9,60.0,Black,Cotton,7.7,8.7,27.1,14-35-14
35.5,67.3,33.5,Sandy,Barley,13.9,0.5,34.6,14-35-14
26.7,54.5,45.1,Loamy,Wheat,28.7,3.4,16.7,28-28
36.4,65.8,36.2,Clayey,Paddy,10.9,3.3,44.6,DAP
30.4,64.0,35.3,Clayey,Pulses,38.3,5.7,5.1,Urea
32.4,55.7,51.8,Loamy,Wheat,29.9,0.0,20.4,28-28
35.4,69.1,42.3,Clayey,Paddy,11.2,3.7,37.5,DAP
36.6,62.4,65.8,Red,Cotton,9.9,11.1,29.8,14-35-14
28.7,52.3,33.3,Red,Ground Nuts,9.9,0.6,38.8,DAP
27.5,53.6,69.2,Black,Cotton,41.6,4.6,5.3,Urea
30.4,58.9,57.9,Loamy,Sugarcane,13.9,10.6,31.0,14-35-14
35.9,62.8,47.8,Loamy,Sugarcane,14.9,15.7,11.5,17-17-17
27.2,55.2,32.8,Black,Millets,38.2,4.3,1.5,Urea
30.3,63.5,41.9,Clayey,Paddy,12.4,0.0,20.2,28-28
30.1,53.1,47.5,Clayey,Paddy,41.1,1.8,4.7,Urea
31.0,51.4,42.6,Sandy,Maize,31.7,2.5,6.8,Urea
33.5,72.3,35.0,Clayey,Paddy,15.7,2.1,36.6,DAP
26.6,64.4,64.0,Loamy,Cotton,38.5,1.3,1.9,Urea
35.4,66.0,28.9,Loamy,Sugarcane,12.9,1.4,33.9,DAP
36.2,64.9,59.8,Black,Cotton,7.0,13.6,31.0,14-35-14
32.0,65.7,59.6,Black,Cotton,11.5,10.3,30.2,14-35-14
35.7,68.4,37.4,Clayey,Paddy,13.2,3.7,43.3,DAP
35.7,70.7,38.7,Clayey,Paddy,9.7,4.3,37.3,DAP
35.4,66.9,30.9,Sandy,Barley,14.7,2.7,33.3,14-35-14
29.4,52.7,43.3,Sandy,Maize,31.5,2.5,5.3,Urea
32.7,63.6,68.1,Black,Cotton,12.8,13.1,36.1,14-35-14
28.6,52.1,32.0,Sandy,Barley,14.5,13.3,17.6,17-17-17
29.0,58.1,61.5,Black,Cotton,42.9,3.8,0.6,Urea
29.4,54.4,27.6,Sandy,Ground Nuts,17.4,0.9,43.9,DAP
27.8,55.8,42.1,Loamy,Wheat,30.2,0.7,21.2,28-28
35.1,68.6,45.8,Loamy,Wheat,42.8,1.6,3.3,Urea
27.5,63.4,60.0,Loamy,Cotton,36.9,3.7,0.3,Urea
32.3,52.0,51.6,Loamy,Wheat,24.6,4.2,16.7,28-28
35.3,65.4,48.5,Loamy,Sugarcane,10.3,15.9,14.0,17-17-17
31.6,60.6,46.1,Black,Sugarcane,12.7,14.2,15.1,17-17-17
39.2,71.5,35.4,Black,Oil seeds,10.5,10.7,45.1,DAP
30.0,58.5,55.0,Loamy,Sugarcane,15.2,8.2,28.4,14-35-14
30.2,62.6,53.9,Black,Sugarcane,17.1,11.5,14.5,17-17-17
37.0,70.7,30.4,Red,Tobacco,10.1,5.4,35.6,DAP
28.0,63.8,27.3,Loamy,Sugarcane,12.2,1.8,38.3,DAP
28.4,58.4,35.9,Sandy,Maize,20.5,1.1,15.6,28-28
25.2,48.3,34.8,Sandy,Barley,13.4,12.9,14.1,17-17-17
27.6,52.3,34.3,Black,Millets,35.3,1.6,3.8,Urea
35.5,65.9,65.7,Black,Cotton,10.7,12.6,26.5,14-35-14
28.7,63.9,58.2,Loamy,Cotton,9.4,13.4,31.2,14-35-14
26.0,54.2,44.3,Loamy,Wheat,20.1,5.9,16.6,28-28
36.1,66.5,33.3,Sandy,Barley,12.7,2.8,32.0,14-35-14
33.1,63.7,46.3,Clayey,Paddy,13.1,1.2,26.5,28-28
36.8,68.7,29.0,Sandy,Barley,9.9,4.7,34.1,14-35-14
39.2,71.5,37.5,Clayey,Paddy,13.9,0.5,37.0,DAP
32.4,65.9,62.5,Black,Cotton,7.9,12.4,26.1,14-35-14
31.7,65.4,31.8,Clayey,Pulses,35.5,1.9,3.3,Urea
30.9,51.9,52.8,Loamy,Wheat,11.1,1.3,40.6,DAP
26.6,55.9,50.4,Clayey,Paddy,32.1,2.7,0.6,Urea
34.5,66.9,46.2,Loamy,Wheat,44.4,4.1,0.5,Urea
30.5,54.0,66.3,Black,Cotton,41.6,4.5,1.6,Urea
22.6,52.8,32.4,Red,Ground Nuts,14.9,15.0,9.5,17-17-17
29.4,65.2,60.8,Loamy,Cotton,10.1,8.7,35.6,14-35-14
35.8,67.4,38.5,Red,Pulses,28.1,2.9,23.3,28-28
27.9,54.8,31.5,Clayey,Pulses,13.0,4.2,13.0,20-20
30.0,53.4,30.9,Sandy,Ground Nuts,19.6,3.6,35.8,DAP
27.5,54.9,66.5,Black,Cotton,44.4,1.1,4.7,Urea
34.9,69.2,31.9,Sandy,Barley,10.4,3.4,38.2,14-35-14
28.6,54.2,44.1,Sandy,Millets,10.3,5.1,23.2,28-28
34.0,60.8,47.2,Clayey,Paddy,13.8,0.0,19.7,28-28
30.5,51.8,44.2,Loamy,Wheat,29.5,3.7,17.4,28-28
31.6,55.4,49.7,Clayey,Paddy,36.3,3.8,5.8,Urea
29.2,64.9,46.4,Black,Sugarcane,14.0,15.4,15.8,17-17-17
31.5,62.3,32.9,Loamy,Sugarcane,38.9,2.9,3.6,Urea
36.4,58.5,56.0,Red,Cotton,15.6,8.9,28.8,14-35-14
28.2,54.1,65.4,Black,Cotton,42.6,2.7,7.1,Urea
26.9,56.2,69.7,Black,Cotton,39.6,3.3,2.8,Urea
31.6,65.7,59.1,Red,Cotton,7.6,10.7,29.2,14-35-14
35.8,70.8,37.5,Black,Oil seeds,8.1,10.3,43.9,DAP
37.6,67.7,30.3,Sandy,Barley,12.7,1.7,39.4,14-35-14
25.4,49.0,30.8,Sandy,Barley,15.6,14.1,15.5,17-17-17
39.3,69.3,34.6,Clayey,Paddy,13.3,4.8,43.4,DAP
32.2,65.8,28.8,Loamy,Sugarcane,11.2,3.7,44.1,DAP
30.1,55.5,56.3,Red,Cotton,9.0,4.7,13.2,20-20
31.7,61.1,37.8,Red,Pulses,21.4,1.3,23.5,28-28
38.4,67.0,31.3,Red,Tobacco,12.4,1.9,40.6,DAP
29.2,52.3,40.6,Sandy,Maize,42.8,3.1,5.5,Urea
33.5,67.3,33.8,Red,Tobacco,9.3,3.6,43.1,DAP
31.9,60.4,41.3,Clayey,Pulses,39.4,0.8,2.6,Urea
30.8,63.5,28.0,Loamy,Sugarcane,36.9,5.5,3.5,Urea
38.1,63.1,36.0,Red,Tobacco,9.4,0.6,36.8,DAP
36.4,70.6,34.5,Clayey,Paddy,12.4,1.3,45.7,DAP
29.1,53.8,33.1,Sandy,Ground Nuts,18.4,5.5,33.2,DAP
29.3,55.2,36.8,Sandy,Barley,12.9,9.4,10.2,17-17-17
29.7,55.2,45.4,Loamy,Wheat,13.9,3.5,37.3,DAP
32.8,67.6,54.4,Loamy,Sugarcane,15.2,14.7,11.6,17-17-17
25.4,55.4,48.2,Loamy,Wheat,23.7,2.8,16.6,28-28
25.1,48.7,24.8,Red,Ground Nuts,18.3,14.4,9.1,17-17-17
30.1,51.2,37.8,Sandy,Millets,13.4,0.9,18.9,28-28
27.0,53.2,31.4,Clayey,Pulses,13.9,4.5,13.2,20-20
26.7,53.2,37.9,Sandy,Barley,13.4,14.2,11.5,17-17-17
29.5,63.5,62.8,Loamy,Sugarcane,15.2,5.9,32.1,14-35-14
29.5,65.4,45.2,Black,Sugarcane,9.1,12.1,13.5,17-17-17
28.3,55.1,25.3,Clayey,Pulses,11.9,0.0,13.7,20-20
27.6,50.9,30.1,Red,Ground Nuts,16.7,15.3,14.4,17-17-17
31.0,60.2,35.8,Loamy,Sugarcane,40.1,3.3,3.6,Urea
31.4,63.8,39.6,Red,Pulses,22.9,3.5,20.0,28-28
26.9,53.2,49.6,Clayey,Paddy,33.8,2.9,5.3,Urea
31.6,57.4,38.8,Black,Millets,38.1,4.6,4.8,Urea
38.8,67.6,32.2,Sandy,Barley,16.3,5.1,33.6,14-35-14
30.7,54.0,37.7,Black,Millets,42.0,2.4,6.1,Urea
32.0,55.9,45.2,Clayey,Paddy,43.7,4.0,4.8,Urea
31.0,67.3,27.1,Loamy,Sugarcane,15.4,1.6,33.2,DAP
39.6,69.6,35.3,Black,Oil seeds,8.6,6.0,38.2,DAP
29.1,60.3,56.7,Loamy,Cotton,9.1,13.7,33.1,14-35-14
32.2,62.1,31.2,Clayey,Pulses,43.3,2.9,4.9,Urea
31.5,63.2,40.6,Clayey,Paddy,17.4,2.8,17.4,28-28
25.4,50.5,32.6,Sandy,Ground Nuts,13.2,3.8,40.6,DAP
30.0,55.4,31.3,Sandy,Barley,7.9,15.4,10.7,17-17-17
32.7,64.4,29.6,Red,Tobacco,28.9,2.0,27.8,28-28
28.7,63.9,56.2,Loamy,Cotton,7.0,7.6,32.6,14-35-14
31.8,58.7,33.9,Black,Millets,34.5,0.5,5.3,Urea
34.1,62.0,47.7,Loamy,Wheat,42.0,3.8,1.1,Urea
28.7,54.3,37.5,Black,Millets,43.8,4.9,3.0,Urea
27.1,53.9,28.3,Red,Ground Nuts,9.1,2.5,43.5,DAP
29.4,52.3,42.3,Loamy,Wheat,27.4,3.8,20.0,28-28
39.5,70.8,40.6,Clayey,Paddy,13.0,5.7,39.6,DAP
30.5,67.3,57.0,Red,Cotton,9.6,11.8,26.7,14-35-14
29.7,51.2,55.5,Loamy,Wheat,15.6,1.6,42.6,DAP
38.6,70.9,36.3,Clayey,Paddy,10.8,4.9,43.9,DAP
35.4,60.4,37.6,Red,Tobacco,28.4,0.4,23.7,28-28
30.1,56.1,40.5,Sandy,Maize,38.0,1.1,7.8,Urea
31.6,61.5,40.0,Clayey,Pulses,36.9,3.6,2.6,Urea
38.7,72.3,33.5,Black,Oil seeds,12.4,10.2,44.4,DAP
31.3,59.8,61.7,Red,Cotton,12.4,11.5,32.7,14-35-14
33.4,52.9,35.9,Sandy,Maize,27.0,2.5,25.8,28-28
29.0,56.1,55.1,Red,Cotton,10.1,4.0,10.4,20-20
32.0,55.2,49.6,Loamy,Wheat,10.3,5.1,39.0,DAP
26.9,51.2,33.6,Red,Ground Nuts,9.7,4.8,43.4,DAP
30.2,58.1,57.8,Loamy,Cotton,7.6,8.7,29.4,14-35-14
27.8,52.3,35.9,Sandy,Maize,31.5,3.7,4.3,Urea
31.8,63.0,61.8,Black,Cotton,7.8,10.3,34.5,14-35-14
39.4,70.9,34.3,Black,Oil seeds,12.4,8.4,43.5,DAP
30.8,59.9,52.6,Black,Sugarcane,11.1,12.7,10.9,17-17-17
29.2,51.7,32.3,Red,Ground Nuts,13.6,17.0,9.8,17-17-17
32.3,62.7,40.3,Clayey,Pulses,44.8,2.7,7.2,Urea
25.0,55.2,59.2,Red,Cotton,10.2,2.8,6.2,20-20
29.0,64.7,47.7,Black,Sugarcane,12.8,11.8,10.2,17-17-17
